,process,t,G_exp,G,P_exp,P,X_exp,X,V_N
0,exp1_aug_01,0.0,0.0,0.0,-0.01850654487928378,0.0,3.593620347747351,3.4718015,0.5019444512095219
5,exp1_aug_01,1.5656565656565657,0.0,0.0,0.04836904929261551,0.044983145,9.253112219019362,8.211494,0.52760847475935
20,exp1_aug_01,6.262626262626263,0.0,0.0,0.39395385043490394,0.39940053,22.50503346836144,23.245771,0.5999413843400343
23,exp1_aug_01,7.202020202020202,0.0,0.0,0.4834631279032071,0.49073532,24.557887361240496,25.958828,0.6136948283547446
34,exp1_aug_01,10.646464646464647,0.0,0.0,0.8493230908933769,0.8972257,30.64434150931909,29.94074,0.6625416738687172
48,exp1_aug_01,15.030303030303031,0.0,0.0,1.3555754736028276,1.3162526,35.69444681785009,37.171894,0.7221042560335734
76,exp1_aug_01,23.7979797979798,0.0,0.0,2.21848529758317,2.1486466,40.41103826414706,43.11126,0.8387714177614198
81,exp1_aug_01,25.363636363636367,0.0,0.0,2.3159958842539594,2.2762015,40.955298607490214,41.914307,0.8600436530857667
91,exp1_aug_01,28.494949494949495,0.0,0.0,2.429978177635185,2.633345,42.15332261693412,39.462887,0.9036388539830952
0,exp1_aug_02,0.0,0.0,0.0,-0.01850654487928378,0.0,3.593620347747351,3.355383,0.5019444512095219
10,exp1_aug_02,3.1313131313131315,0.0,0.0,0.14169904999605643,0.13580537,14.262023198379879,14.153007,0.5524454436499832
38,exp1_aug_02,11.8989898989899,0.0,0.0,0.9920788923728522,1.0015836,32.3599900720641,31.42009,0.6797967645736844
42,exp1_aug_02,13.151515151515152,0.0,0.0,1.1372260619183463,1.2196023,33.84610598625251,32.241646,0.6968426845287745
53,exp1_aug_02,16.5959595959596,0.0,0.0,1.534323270270885,1.5194035,36.93428991256043,37.815395,0.7429572371224747
57,exp1_aug_02,17.84848484848485,0.0,0.0,1.672742070622517,1.7651696,37.76135971983589,39.007317,0.7595643770159876
64,exp1_aug_02,20.04040404040404,0.0,0.0,1.8995258329802365,1.9375583,38.928892666950965,38.187523,0.7885904317177541
70,exp1_aug_02,21.91919191919192,0.0,0.0,2.072176496695615,2.1540718,39.72436519815692,41.73057,0.8135669935800995
98,exp1_aug_02,30.68686868686869,0.0,0.0,2.4334596965558153,2.3359761,43.23321383425022,44.092247,0.9352536375779823
0,exp1_aug_03,0.0,0.0,0.0,-0.01850654487928378,0.0,3.593620347747351,3.4410472,0.5019444512095219
10,exp1_aug_03,3.1313131313131315,0.0,0.0,0.14169904999605643,0.14470421,14.262023198379879,15.379753,0.5524454436499832
18,exp1_aug_03,5.636363636363637,0.0,0.0,0.33746072227606916,0.28756526,21.03347744606568,21.18248,0.5906534963209652
26,exp1_aug_03,8.141414141414142,0.0,0.0,0.5780350234605637,0.62245697,26.433857772817788,24.953955,0.6272487587633288
74,exp1_aug_03,23.171717171717173,0.0,0.0,2.1730097288165253,2.0919616,40.18951791196557,38.129078,0.8303365405485683
82,exp1_aug_03,25.67676767676768,0.0,0.0,2.3325042779598313,2.2980928,41.06534605130324,43.145794,0.8643346723566268
86,exp1_aug_03,26.92929292929293,0.0,0.0,2.3876408793181865,2.3130238,41.52131580950298,41.41498,0.8816408679191277
92,exp1_aug_03,28.80808080808081,0.0,0.0,2.4346258084365386,2.2307305,42.29153521278444,43.65598,0.9080932134150619
99,exp1_aug_03,31.0,0.0,0.0,2.4281663512770506,2.566717,43.412196823979066,46.318375,0.9398584119822014
0,exp1_aug_04,0.0,0.0,0.0,-0.01850654487928378,0.0,3.593620347747351,3.4059966,0.5019444512095219
8,exp1_aug_04,2.505050505050505,0.0,0.0,0.10141281565989761,0.11220571,12.333697617873131,13.023866,0.5426050519826514
24,exp1_aug_04,7.515151515151516,0.0,0.0,0.5144612957561536,0.4863876,25.202392735945573,27.412855,0.6182341648910341
33,exp1_aug_04,10.333333333333334,0.0,0.0,0.8142143180922634,0.8563923,30.176910927490937,31.230972,0.6581906707595114
46,exp1_aug_04,14.404040404040405,0.0,0.0,1.2830022416978386,1.3448825,35.125336418219675,36.742645,0.7137182390954427
80,exp1_aug_04,25.050505050505052,0.0,0.0,2.2984528668838253,2.2770967,40.84612143802397,42.09721,0.8557656329952671
84,exp1_aug_04,26.303030303030305,0.0,0.0,2.3623070470142857,2.487875,41.289467209865606,43.749508,0.8729581337745196
93,exp1_aug_04,29.121212121212125,0.0,0.0,2.437935910321252,2.8076062,42.434510564695444,40.985493,0.9125672416988891
99,exp1_aug_04,31.0,0.0,0.0,2.4281663512770506,2.4407008,43.412196823979066,43.061924,0.9398584119822014
0,exp1_aug_05,0.0,0.0,0.0,-0.01850654487928378,0.0,3.593620347747351,3.6970284,0.5019444512095219
20,exp1_aug_05,6.262626262626263,0.0,0.0,0.39395385043490394,0.3893977,22.50503346836144,21.922548,0.5999413843400343
28,exp1_aug_05,8.767676767676768,0.0,0.0,0.6435283615554934,0.71621287,27.590954272799323,25.544605,0.6361819559270624
39,exp1_aug_05,12.212121212121213,0.0,0.0,1.0282103361058499,1.0468493,32.75215308147841,32.062504,0.6840763384858262
46,exp1_aug_05,14.404040404040405,0.0,0.0,1.2830022416978386,1.313609,35.125336418219675,34.553856,0.7137182390954427
61,exp1_aug_05,19.101010101010104,0.0,0.0,1.805181039338072,1.7998343,38.46647091864773,37.194134,0.7761466716265368
76,exp1_aug_05,23.7979797979798,0.0,0.0,2.21848529758317,2.2770712,40.41103826414706,37.145863,0.8387714177614198
88,exp1_aug_05,27.555555555555557,0.0,0.0,2.4082854801425304,2.4377952,41.7637227460073,42.23075,0.8903877254606327
91,exp1_aug_05,28.494949494949495,0.0,0.0,2.429978177635185,2.0905175,42.15332261693412,41.884857,0.9036388539830952
0,exp1_aug_06,0.0,0.0,0.0,-0.01850654487928378,0.0,3.593620347747351,3.604962,0.5019444512095219
5,exp1_aug_06,1.5656565656565657,0.0,0.0,0.04836904929261551,0.047697995,9.253112219019362,9.122797,0.52760847475935
12,exp1_aug_06,3.757575757575758,0.0,0.0,0.18566725255475552,0.19634049,16.093333075660585,16.886147,0.5621656332472985
34,exp1_aug_06,10.646464646464647,0.0,0.0,0.8493230908933769,0.81964713,30.64434150931909,31.004215,0.6625416738687172
57,exp1_aug_06,17.84848484848485,0.0,0.0,1.672742070622517,1.6598237,37.76135971983589,40.500896,0.7595643770159876
61,exp1_aug_06,19.101010101010104,0.0,0.0,1.805181039338072,1.9034588,38.46647091864773,40.261486,0.7761466716265368
74,exp1_aug_06,23.171717171717173,0.0,0.0,2.1730097288165253,2.1024034,40.18951791196557,38.47541,0.8303365405485683
84,exp1_aug_06,26.303030303030305,0.0,0.0,2.3623070470142857,2.190418,41.289467209865606,41.981762,0.8729581337745196
95,exp1_aug_06,29.747474747474747,0.0,0.0,2.4404333799762536,2.570201,42.736164984595426,38.973434,0.9215767301572168
0,exp1_aug_07,0.0,0.0,0.0,-0.01850654487928378,0.0,3.593620347747351,3.776808,0.5019444512095219
30,exp1_aug_07,9.393939393939394,0.0,0.0,0.7107210153119403,0.67669773,28.6765131316821,31.073547,0.645038607052417
37,exp1_aug_07,11.585858585858587,0.0,0.0,0.9560969091439808,0.9245197,31.953481272115006,31.935501,0.6755041174896754
41,exp1_aug_07,12.83838383838384,0.0,0.0,1.1008114577197219,1.0284771,33.494857176598615,33.931324,0.6925986921295982
45,exp1_aug_07,14.090909090909092,0.0,0.0,1.2465956059874665,1.2959023,34.82368580727716,33.342808,0.7095132000407355
49,exp1_aug_07,15.343434343434344,0.0,0.0,1.3916869961151943,1.3455541,35.96261433048597,40.40234,0.7262864465845426
65,exp1_aug_07,20.353535353535356,0.0,0.0,1.9298778185855276,1.9083664,39.072270675331296,40.614796,0.7927429263155775
74,exp1_aug_07,23.171717171717173,0.0,0.0,2.1730097288165253,2.0911891,40.18951791196557,41.272224,0.8303365405485683
95,exp1_aug_07,29.747474747474747,0.0,0.0,2.4404333799762536,2.5049121,42.736164984595426,41.905388,0.9215767301572168
0,exp1_aug_08,0.0,0.0,0.0,-0.01850654487928378,0.0,3.593620347747351,3.7590656,0.5019444512095219
6,exp1_aug_08,1.878787878787879,0.0,0.0,0.06502884427528163,0.061404277,10.305525438348425,9.448926,0.5326396075751213
14,exp1_aug_08,4.383838383838384,0.0,0.0,0.23309712860699236,0.23842767,17.830458145507176,16.071384,0.5717704714447793
44,exp1_aug_08,13.777777777777779,0.0,0.0,1.2101456728933437,1.2086208,34.510166439617784,34.53811,0.7052993321505702
51,exp1_aug_08,15.96969696969697,0.0,0.0,1.4634221700540455,1.5100905,36.46794329126903,38.198696,0.7346322235191519
67,exp1_aug_08,20.97979797979798,0.0,0.0,1.9887721503362115,1.9954078,39.34500600235478,39.299763,0.8010584153649869
73,exp1_aug_08,22.85858585858586,0.0,0.0,2.148995377348063,2.0416806,40.0765245276551,39.259285,0.826132537374956
78,exp1_aug_08,24.424242424242426,0.0,0.0,2.260373108515271,2.3168442,40.62896247423589,39.845238,0.8472461650202588
96,exp1_aug_08,30.060606060606062,0.0,0.0,2.4395656740642915,2.8718932,42.89555177653239,41.085354,0.9261134029992626
0,exp1_aug_09,0.0,0.0,0.0,-0.01850654487928378,0.0,3.593620347747351,3.9113684,0.5019444512095219
9,exp1_aug_09,2.8181818181818183,0.0,0.0,0.1210819183795968,0.1129477,13.310164302016751,14.8651705,0.5475405762419556
36,exp1_aug_09,11.272727272727273,0.0,0.0,0.9202919232603609,0.84867615,31.532272819657134,29.797144,0.6711977909000265
39,exp1_aug_09,12.212121212121213,0.0,0.0,1.0282103361058499,1.0586572,32.75215308147841,29.283998,0.6840763384858262
42,exp1_aug_09,13.151515151515152,0.0,0.0,1.1372260619183463,1.1910585,33.84610598625251,32.82524,0.6968426845287745
52,exp1_aug_09,16.282828282828284,0.0,0.0,1.4989907477982791,1.5679753,36.70581246336419,34.46923,0.7387970225703377
72,exp1_aug_09,22.545454545454547,0.0,0.0,2.1241666969443393,2.302937,39.96157052189949,41.441093,0.821936682711522
76,exp1_aug_09,23.7979797979798,0.0,0.0,2.21848529758317,2.1884987,40.41103826414706,40.912464,0.8387714177614198
84,exp1_aug_09,26.303030303030305,0.0,0.0,2.3623070470142857,2.366109,41.289467209865606,41.53481,0.8729581337745196
0,exp1_aug_10,0.0,0.0,0.0,-0.01850654487928378,0.0,3.593620347747351,3.6346369,0.5019444512095219
9,exp1_aug_10,2.8181818181818183,0.0,0.0,0.1210819183795968,0.114132196,13.310164302016751,12.579747,0.5475405762419556
20,exp1_aug_10,6.262626262626263,0.0,0.0,0.39395385043490394,0.4192777,22.50503346836144,22.967104,0.5999413843400343
26,exp1_aug_10,8.141414141414142,0.0,0.0,0.5780350234605637,0.52198094,26.433857772817788,26.192038,0.6272487587633288
31,exp1_aug_10,9.707070707070708,0.0,0.0,0.7448857434604198,0.75794196,29.19335060064644,29.281748,0.6494397436851342
41,exp1_aug_10,12.83838383838384,0.0,0.0,1.1008114577197219,1.0804416,33.494857176598615,33.58303,0.6925986921295982
46,exp1_aug_10,14.404040404040405,0.0,0.0,1.2830022416978386,1.2886575,35.125336418219675,36.318253,0.7137182390954427
75,exp1_aug_10,23.484848484848484,0.0,0.0,2.1961822145086027,2.171647,40.30090453680489,41.542744,0.834549298566132
95,exp1_aug_10,29.747474747474747,0.0,0.0,2.4404333799762536,2.3117318,42.736164984595426,41.383873,0.9215767301572168
100,exp2_aug_01,0.0,0.0,0.0,-0.028880692658605246,0.0,3.7020809802574504,3.561166,0.5010280378161264
110,exp2_aug_01,3.1313131313131315,0.0,0.0,0.15505340754490146,0.16745797,14.393772500205793,13.100659,0.5526110511711309
125,exp2_aug_01,7.828282828282829,0.0,0.0,0.555690774529398,0.5625119,26.4003121203241,26.94186,0.6256645726759882
136,exp2_aug_01,11.272727272727273,0.0,0.0,0.9103378829058204,0.9609741,32.48348089203354,31.49617,0.6761148470151308
153,exp2_aug_01,16.5959595959596,0.0,0.0,1.4915390137510802,1.3789204,38.05615460824567,37.77297,0.7492311453653722
161,exp2_aug_01,19.101010101010104,0.0,0.0,1.7549811826409,1.7904674,39.31656904022963,39.83032,0.7817211308477043
170,exp2_aug_01,21.91919191919192,0.0,0.0,2.026331763203616,1.889146,39.87077980168007,39.941746,0.8168928309785642
176,exp2_aug_01,23.7979797979798,0.0,0.0,2.185620288892444,2.3345397,39.80306825149104,36.345966,0.8395639570897294
184,exp2_aug_01,26.303030303030305,0.0,0.0,2.36253212349635,2.3170347,39.256971911339136,37.191822,0.8688689246237538
100,exp2_aug_02,0.0,0.0,0.0,-0.028880692658605246,0.0,3.7020809802574504,3.569503,0.5010280378161264
105,exp2_aug_02,1.5656565656565657,0.0,0.0,0.05310560471117316,0.054956056,9.333786986259815,8.7073145,0.5271160208060196
119,exp2_aug_02,5.94949494949495,0.0,0.0,0.38089040269808233,0.3715775,22.143015190299945,20.057907,0.5970481310675827
122,exp2_aug_02,6.888888888888889,0.0,0.0,0.46622599217741295,0.48878872,24.358850694808314,23.864843,0.6114553631993634
134,exp2_aug_02,10.646464646464647,0.0,0.0,0.8434656627723962,0.81824046,31.533943625529695,35.647255,0.6671313127451033
155,exp2_aug_02,17.22222222222222,0.0,0.0,1.558762652969802,1.4841981,38.44516948839073,35.896175,0.757464867952518
172,exp2_aug_02,22.545454545454547,0.0,0.0,2.081642033647504,2.0453,39.884055844516105,36.647003,0.8245174305874583
179,exp2_aug_02,24.737373737373737,0.0,0.0,2.2571626085162975,2.2000413,39.65470436983381,37.14955,0.8506746922235418
185,exp2_aug_02,26.61616161616162,0.0,0.0,2.3813460532984423,2.2859733,39.15670624470076,39.38756,0.8724601304327142
100,exp2_aug_03,0.0,0.0,0.0,-0.028880692658605246,0.0,3.7020809802574504,3.3501396,0.5010280378161264
103,exp2_aug_03,0.9393939393939394,0.0,0.0,0.017775844691505643,0.019157764,7.151149716677102,7.313823,0.5167526883435223
112,exp2_aug_03,3.757575757575758,0.0,0.0,0.20086230854397005,0.20984207,16.263439663094253,17.413635,0.5626458622561803
117,exp2_aug_03,5.3232323232323235,0.0,0.0,0.326560406544763,0.3176327,20.56617670130523,21.938578,0.5873319515011769
133,exp2_aug_03,10.333333333333334,0.0,0.0,0.8103481204181473,0.8323915,31.03391485503217,30.65905,0.6626084087973718
144,exp2_aug_03,13.777777777777779,0.0,0.0,1.1833914937206282,1.2411236,35.638169939092045,36.203663,0.7112334702386668
150,exp2_aug_03,15.656565656565657,0.0,0.0,1.3895491353122704,1.4339991,37.374591265168085,36.835144,0.7367387534984688
184,exp2_aug_03,26.303030303030305,0.0,0.0,2.36253212349635,2.4496768,39.256971911339136,40.28527,0.8688689246237538
190,exp2_aug_03,28.181818181818183,0.0,0.0,2.4630169330700946,2.370686,38.5630859021589,41.967113,0.8901835065530661
100,exp2_aug_04,0.0,0.0,0.0,-0.028880692658605246,0.0,3.7020809802574504,3.39536,0.5010280378161264
118,exp2_aug_04,5.636363636363637,0.0,0.0,0.35345604489850574,0.409091,21.3646944442845,21.287762,0.5922012443768526
132,exp2_aug_04,10.02020202020202,0.0,0.0,0.7774695966181278,0.7948739,30.51677195993824,26.359598,0.6580646124185932
137,exp2_aug_04,11.585858585858587,0.0,0.0,0.9440526005661153,0.9886591,32.933400437688846,34.88202,0.68057567917128
147,exp2_aug_04,14.717171717171718,0.0,0.0,1.286653474767157,1.1809964,36.570446098870676,37.313877,0.7240737700419062
164,exp2_aug_04,20.04040404040404,0.0,0.0,1.8490344662925509,1.8398943,39.596141932626125,41.32741,0.793603998695896
172,exp2_aug_04,22.545454545454547,0.0,0.0,2.081642033647504,2.105412,39.884055844516105,40.189713,0.8245174305874583
184,exp2_aug_04,26.303030303030305,0.0,0.0,2.36253212349635,2.2495713,39.256971911339136,41.22193,0.8688689246237538
193,exp2_aug_04,29.121212121212125,0.0,0.0,2.5013811634021876,2.429797,38.140478982835624,41.381435,0.9006350428950746
100,exp2_aug_05,0.0,0.0,0.0,-0.028880692658605246,0.0,3.7020809802574504,3.9007516,0.5010280378161264
122,exp2_aug_05,6.888888888888889,0.0,0.0,0.46622599217741295,0.45963892,24.358850694808314,24.39255,0.6114553631993634
125,exp2_aug_05,7.828282828282829,0.0,0.0,0.555690774529398,0.5850572,26.4003121203241,26.184017,0.6256645726759882
134,exp2_aug_05,10.646464646464647,0.0,0.0,0.8434656627723962,0.87548107,31.533943625529695,28.248875,0.6671313127451033
148,exp2_aug_05,15.030303030303031,0.0,0.0,1.3210193706393834,1.346188,36.85245723159061,35.220734,0.7283147762322668
170,exp2_aug_05,21.91919191919192,0.0,0.0,2.026331763203616,1.8832964,39.87077980168007,38.359715,0.8168928309785642
173,exp2_aug_05,22.85858585858586,0.0,0.0,2.108496853253254,2.1805975,39.876943118860254,35.98591,0.828304244927076
178,exp2_aug_05,24.424242424242426,0.0,0.0,2.233968592742451,2.2067122,39.712093012821846,42.88336,0.8469874986539313
184,exp2_aug_05,26.303030303030305,0.0,0.0,2.36253212349635,2.4920902,39.256971911339136,39.707016,0.8688689246237538
100,exp2_aug_06,0.0,0.0,0.0,-0.028880692658605246,0.0,3.7020809802574504,3.5677648,0.5010280378161264
106,exp2_aug_06,1.878787878787879,0.0,0.0,0.07197816507856408,0.078987055,10.390699629115542,10.365456,0.5322620594213182
119,exp2_aug_06,5.94949494949495,0.0,0.0,0.38089040269808233,0.3936765,22.143015190299945,22.678072,0.5970481310675827
136,exp2_aug_06,11.272727272727273,0.0,0.0,0.9103378829058204,0.8483053,32.48348089203354,35.863018,0.6761148470151308
141,exp2_aug_06,12.83838383838384,0.0,0.0,1.0803026537775724,1.0050666,34.57221361557085,34.73837,0.6982151293317332
167,exp2_aug_06,20.97979797979798,0.0,0.0,1.9396644803484187,2.196502,39.77902912968915,40.58986,0.8053269904871767
172,exp2_aug_06,22.545454545454547,0.0,0.0,2.081642033647504,2.2510126,39.884055844516105,38.846672,0.8245174305874583
189,exp2_aug_06,27.868686868686872,0.0,0.0,2.4484025265457396,2.275424,38.69343048916562,38.67091,0.886669515329167
193,exp2_aug_06,29.121212121212125,0.0,0.0,2.5013811634021876,2.476986,38.140478982835624,40.542465,0.9006350428950746
100,exp2_aug_07,0.0,0.0,0.0,-0.028880692658605246,0.0,3.7020809802574504,3.8609128,0.5010280378161264
121,exp2_aug_07,6.575757575757576,0.0,0.0,0.4372953563969763,0.4070186,23.639887790737355,23.460203,0.6066750895619114
125,exp2_aug_07,7.828282828282829,0.0,0.0,0.555690774529398,0.54981416,26.4003121203241,25.864742,0.6256645726759882
143,exp2_aug_07,13.464646464646465,0.0,0.0,1.1489826690933034,1.2144202,35.297978549211265,33.40709,0.7069139401704462
147,exp2_aug_07,14.717171717171718,0.0,0.0,1.286653474767157,1.3523718,36.570446098870676,36.21696,0.7240737700419062
156,exp2_aug_07,17.535353535353536,0.0,0.0,1.5920836484786975,1.6077754,38.62068529836476,39.394268,0.761553670399634
176,exp2_aug_07,23.7979797979798,0.0,0.0,2.185620288892444,2.1900835,39.80306825149104,39.531708,0.8395639570897294
182,exp2_aug_07,25.67676767676768,0.0,0.0,2.3225843505199264,2.3620834,39.43740064414993,41.185184,0.8616391750855309
197,exp2_aug_07,30.373737373737377,0.0,0.0,2.5390032400636073,2.6135862,37.51100531447845,37.263542,0.9143631718137377
100,exp2_aug_08,0.0,0.0,0.0,-0.028880692658605246,0.0,3.7020809802574504,3.6594048,0.5010280378161264
109,exp2_aug_08,2.8181818181818183,0.0,0.0,0.13318680689768164,0.14015263,13.426279887834134,13.279804,0.5475588758065316
119,exp2_aug_08,5.94949494949495,0.0,0.0,0.38089040269808233,0.38118702,22.143015190299945,20.461044,0.5970481310675827
125,exp2_aug_08,7.828282828282829,0.0,0.0,0.555690774529398,0.5270394,26.4003121203241,27.137442,0.6256645726759882
131,exp2_aug_08,9.707070707070708,0.0,0.0,0.7448500714317778,0.7570282,29.98230941542343,31.199715,0.6534998226918408
146,exp2_aug_08,14.404040404040405,0.0,0.0,1.2522468766169954,1.1872127,36.274198189097255,33.73327,0.7198132842574703
151,exp2_aug_08,15.96969696969697,0.0,0.0,1.4236730439940497,1.4602371,37.6151252156746,38.833424,0.7409219264081632
154,exp2_aug_08,16.90909090909091,0.0,0.0,1.52524111470745,1.4857697,38.25706109995921,37.17438,0.7533573932467399
196,exp2_aug_08,30.060606060606062,0.0,0.0,2.5311073286245778,2.4403598,37.674828347372056,37.40748,0.9109530424980081
100,exp2_aug_09,0.0,0.0,0.0,-0.028880692658605246,0.0,3.7020809802574504,3.2968075,0.5010280378161264
105,exp2_aug_09,1.5656565656565657,0.0,0.0,0.05310560471117316,0.051176284,9.333786986259815,8.863992,0.5271160208060196
108,exp2_aug_09,2.505050505050505,0.0,0.0,0.11203874623125862,0.10429907,12.436740555078208,12.682534,0.5424833860046477
113,exp2_aug_09,4.070707070707071,0.0,0.0,0.22476464877693825,0.25123906,17.16602526326005,18.780123,0.5676286998104838
123,exp2_aug_09,7.202020202020202,0.0,0.0,0.4956154271659223,0.48330474,25.058438701213422,24.739775,0.616213634319576
126,exp2_aug_09,8.141414141414142,0.0,0.0,0.5863367267854837,0.5657862,27.043008582678663,28.527304,0.6303574417460417
144,exp2_aug_09,13.777777777777779,0.0,0.0,1.1833914937206282,1.3620713,35.638169939092045,37.181988,0.7112334702386668
164,exp2_aug_09,20.04040404040404,0.0,0.0,1.8490344662925509,1.8538378,39.596141932626125,39.11969,0.793603998695896
182,exp2_aug_09,25.67676767676768,0.0,0.0,2.3225843505199264,2.4034412,39.43740064414993,41.576317,0.8616391750855309
100,exp2_aug_10,0.0,0.0,0.0,-0.028880692658605246,0.0,3.7020809802574504,3.8325071,0.5010280378161264
127,exp2_aug_10,8.454545454545455,0.0,0.0,0.6173615580118806,0.5930981,27.667152246665353,28.2169,0.6350287119665616
130,exp2_aug_10,9.393939393939394,0.0,0.0,0.7125095249185378,0.73521644,29.430321696663224,29.180243,0.6489139387001879
139,exp2_aug_10,12.212121212121213,0.0,0.0,1.0119393507766692,0.9894416,33.78456897792871,36.07047,0.6894359781104824
143,exp2_aug_10,13.464646464646465,0.0,0.0,1.1489826690933034,1.1445254,35.297978549211265,35.29268,0.7069139401704462
150,exp2_aug_10,15.656565656565657,0.0,0.0,1.3895491353122704,1.4475418,37.374591265168085,32.82675,0.7367387534984688
180,exp2_aug_10,25.050505050505052,0.0,0.0,2.2796765601101194,2.2405329,39.58965574417615,40.766632,0.8543456355407275
194,exp2_aug_10,29.434343434343436,0.0,0.0,2.512276310234428,2.581537,37.98977070637515,38.02543,0.9040890789556032
197,exp2_aug_10,30.373737373737377,0.0,0.0,2.5390032400636073,2.5386968,37.51100531447845,38.463345,0.9143631718137377
200,exp3_aug_01,0.0,0.0,0.0,-0.04186807218574342,0.0,3.5009965015091367,3.4278924,0.5010280378161256
204,exp3_aug_01,1.2525252525252526,0.0,0.0,0.05539781399550479,0.055043634,8.266357025522874,8.557791,0.5219462640857294
209,exp3_aug_01,2.8181818181818183,0.0,0.0,0.1920146297940055,0.18176846,13.632069211551896,14.388676,0.5475588758065315
226,exp3_aug_01,8.141414141414142,0.0,0.0,0.7490348914302317,0.7293207,27.441741212562317,26.065289,0.6303574417460419
229,exp3_aug_01,9.080808080808081,0.0,0.0,0.8571732954522551,0.8116223,29.241183843177133,28.596302,0.6443068595267082
245,exp3_aug_01,14.090909090909092,0.0,0.0,1.4472723348258372,1.4454242,36.14591105515717,33.99879,0.7155332179620323
269,exp3_aug_01,21.60606060606061,0.0,0.0,2.236942562716149,2.3579473,40.03028187434802,46.423336,0.8130548438754335
285,exp3_aug_01,26.61616161616162,0.0,0.0,2.580209199219556,2.7064974,40.066571674380775,40.865894,0.8724601304327135
290,exp3_aug_01,28.181818181818183,0.0,0.0,2.6416689436659277,2.62328,39.89128890078114,36.728996,0.8901835065530659
200,exp3_aug_02,0.0,0.0,0.0,-0.04186807218574342,0.0,3.5009965015091367,3.535199,0.5010280378161256
205,exp3_aug_02,1.5656565656565657,0.0,0.0,0.08145148175341034,0.08503215,9.391048592556528,9.50759,0.5271160208060193
218,exp3_aug_02,5.636363636363637,0.0,0.0,0.4724575020310858,0.449711,21.747075878159546,22.878736,0.592201244376853
223,exp3_aug_02,7.202020202020202,0.0,0.0,0.6430082696678769,0.64333844,25.463419138161303,26.158003,0.6162136343195761
239,exp3_aug_02,12.212121212121213,0.0,0.0,1.2259495123448616,1.2623814,34.04966941798694,33.80288,0.6894359781104822
245,exp3_aug_02,14.090909090909092,0.0,0.0,1.4472723348258372,1.3574936,36.14591105515717,35.882427,0.7155332179620323
249,exp3_aug_02,15.343434343434344,0.0,0.0,1.5921766367730712,1.7759252,37.254045242788514,35.78631,0.7325364037454782
268,exp3_aug_02,21.292929292929294,0.0,0.0,2.209318672314651,2.1037157,39.97941311659887,37.840412,0.8091995973506133
277,exp3_aug_02,24.111111111111114,0.0,0.0,2.4337240683945858,2.5290332,40.20307836784481,42.42364,0.8432839539149684
200,exp3_aug_03,0.0,0.0,0.0,-0.04186807218574342,0.0,3.5009965015091367,3.545242,0.5010280378161256
209,exp3_aug_03,2.8181818181818183,0.0,0.0,0.1920146297940055,0.20231047,13.632069211551896,13.445811,0.5475588758065315
225,exp3_aug_03,7.828282828282829,0.0,0.0,0.7134313613543102,0.74767727,26.802569286259985,27.386799,0.6256645726759886
230,exp3_aug_03,9.393939393939394,0.0,0.0,0.8935953338530824,0.87688774,29.80262351581135,29.592,0.648913938700188
241,exp3_aug_03,12.83838383838384,0.0,0.0,1.3000391929918158,1.2910352,34.80943484909206,34.369564,0.698215129331733
252,exp3_aug_03,16.282828282828284,0.0,0.0,1.6985561669946607,1.6656693,37.94665214589767,38.16298,0.7450860233914882
263,exp3_aug_03,19.727272727272727,0.0,0.0,2.062512597964786,2.040772,39.606858591919874,38.14137,0.7896609413087232
273,exp3_aug_03,22.85858585858586,0.0,0.0,2.34098003404789,2.2468052,40.16478153332237,41.028465,0.828304244927075
279,exp3_aug_03,24.737373737373737,0.0,0.0,2.4754608414709414,2.4650927,40.19204979709647,40.989887,0.8506746922235409
200,exp3_aug_04,0.0,0.0,0.0,-0.04186807218574342,0.0,3.5009965015091367,3.399313,0.5010280378161256
210,exp3_aug_04,3.1313131313131315,0.0,0.0,0.22114248474949735,0.23789503,14.629362721805903,15.073428,0.5526110511711307
219,exp3_aug_04,5.94949494949495,0.0,0.0,0.5058582474752905,0.48542893,22.533634960363877,22.047632,0.597048131067583
230,exp3_aug_04,9.393939393939394,0.0,0.0,0.8935953338530824,0.8568399,29.80262351581135,30.373817,0.648913938700188
233,exp3_aug_04,10.333333333333334,0.0,0.0,1.0037090165767029,1.0216374,31.37594827081374,33.92492,0.6626084087973719
257,exp3_aug_04,17.84848484848485,0.0,0.0,1.8698760940938879,1.7739338,38.86079567359667,42.050358,0.7656239015050128
262,exp3_aug_04,19.414141414141415,0.0,0.0,2.0315541304559988,2.08053,39.50664086489147,37.43032,0.7857000189983017
274,exp3_aug_04,23.171717171717173,0.0,0.0,2.3652748280053615,2.4227746,40.18263737285035,40.69532,0.8320742035127083
289,exp3_aug_04,27.868686868686872,0.0,0.0,2.631388982241185,2.5509334,39.9295222018177,38.45958,0.8866695153291668
200,exp3_aug_05,0.0,0.0,0.0,-0.04186807218574342,0.0,3.5009965015091367,3.691352,0.5010280378161256
206,exp3_aug_05,1.878787878787879,0.0,0.0,0.10816000747359324,0.11034405,10.489670641118263,10.10812,0.5322620594213179
211,exp3_aug_05,3.4444444444444446,0.0,0.0,0.25082514636036635,0.2478221,15.602061481377968,15.54463,0.5576400130153718
215,exp3_aug_05,4.696969696969697,0.0,0.0,0.37470365413001283,0.39832413,19.25280808400667,19.517519,0.5775257435272818
226,exp3_aug_05,8.141414141414142,0.0,0.0,0.7490348914302317,0.7629356,27.441741212562317,25.409502,0.6303574417460419
249,exp3_aug_05,15.343434343434344,0.0,0.0,1.5921766367730712,1.6432033,37.254045242788514,35.75982,0.7325364037454782
260,exp3_aug_05,18.78787878787879,0.0,0.0,1.9682000248906486,2.0445445,39.2781389602781,39.38004,0.7777241759400018
269,exp3_aug_05,21.60606060606061,0.0,0.0,2.236942562716149,2.1710768,40.03028187434802,36.922318,0.8130548438754335
292,exp3_aug_05,28.80808080808081,0.0,0.0,2.6590708134889547,2.5280366,39.81212185413905,41.27333,0.8971661694190933
200,exp3_aug_06,0.0,0.0,0.0,-0.04186807218574342,0.0,3.5009965015091367,3.349,0.5010280378161256
215,exp3_aug_06,4.696969696969697,0.0,0.0,0.37470365413001283,0.41931096,19.25280808400667,19.932014,0.5775257435272818
221,exp3_aug_06,6.575757575757576,0.0,0.0,0.5737638710111903,0.6041543,24.041227572350582,24.037975,0.6066750895619116
255,exp3_aug_06,17.22222222222222,0.0,0.0,1.8023650783129903,1.692424,38.52939873779153,37.17946,0.7574648679525172
258,exp3_aug_06,18.161616161616163,0.0,0.0,1.9030630936707995,1.9929851,39.01024876453598,40.125267,0.7696756621855831
265,exp3_aug_06,20.353535353535356,0.0,0.0,2.1228923111276874,2.1470025,39.7807023632101,41.183956,0.7975292920767432
276,exp3_aug_06,23.7979797979798,0.0,0.0,2.4116668554400897,2.2319608,40.201490836553575,37.83576,0.8395639570897284
279,exp3_aug_06,24.737373737373737,0.0,0.0,2.4754608414709414,2.227207,40.19204979709647,40.32806,0.8506746922235409
297,exp3_aug_06,30.373737373737377,0.0,0.0,2.6832196998611186,2.711481,39.6122161435879,42.61596,0.9143631718137385
200,exp3_aug_07,0.0,0.0,0.0,-0.04186807218574342,0.0,3.5009965015091367,3.4379303,0.5010280378161256
212,exp3_aug_07,3.757575757575758,0.0,0.0,0.2810426043652324,0.28501695,16.550460443826076,16.51423,0.5626458622561804
239,exp3_aug_07,12.212121212121213,0.0,0.0,1.2259495123448616,1.2272248,34.04966941798694,33.100365,0.6894359781104822
242,exp3_aug_07,13.151515151515152,0.0,0.0,1.3369957712748777,1.3518718,35.165993302289486,36.823925,0.7025745268404435
253,exp3_aug_07,16.5959595959596,0.0,0.0,1.733471442105196,1.6604061,38.15271443969778,38.489185,0.7492311453653716
257,exp3_aug_07,17.84848484848485,0.0,0.0,1.8698760940938879,1.7850064,38.86079567359667,40.54091,0.7656239015050128
266,exp3_aug_07,20.666666666666668,0.0,0.0,2.152273536259041,2.1729276,39.854918314587906,37.496,0.8014369223681947
269,exp3_aug_07,21.60606060606061,0.0,0.0,2.236942562716149,1.9780655,40.03028187434802,40.78561,0.8130548438754335
277,exp3_aug_07,24.111111111111114,0.0,0.0,2.4337240683945858,2.3621695,40.20307836784481,39.20616,0.8432839539149684
200,exp3_aug_08,0.0,0.0,0.0,-0.04186807218574342,0.0,3.5009965015091367,3.4548824,0.5010280378161256
204,exp3_aug_08,1.2525252525252526,0.0,0.0,0.05539781399550479,0.05664182,8.266357025522874,7.954345,0.5219462640857294
212,exp3_aug_08,3.757575757575758,0.0,0.0,0.2810426043652324,0.29128712,16.550460443826076,16.186949,0.5626458622561804
229,exp3_aug_08,9.080808080808081,0.0,0.0,0.8571732954522551,0.768819,29.241183843177133,25.212652,0.6443068595267082
232,exp3_aug_08,10.02020202020202,0.0,0.0,0.9668832046766864,0.90169805,30.869710776071656,29.31809,0.6580646124185933
237,exp3_aug_08,11.585858585858587,0.0,0.0,1.1517578679993306,1.146535,33.225739596881475,34.721607,0.6805756791712798
250,exp3_aug_08,15.656565656565657,0.0,0.0,1.6278887540672191,1.62349,37.497612501001036,37.445034,0.7367387534984682
264,exp3_aug_08,20.04040404040404,0.0,0.0,2.0929653282758096,2.1283557,39.69811410684009,40.692036,0.7936039986958949
296,exp3_aug_08,30.060606060606062,0.0,0.0,2.6806820537105382,2.6324804,39.65124468220282,38.388184,0.9109530424980087
200,exp3_aug_09,0.0,0.0,0.0,-0.04186807218574342,0.0,3.5009965015091367,3.198747,0.5010280378161256
204,exp3_aug_09,1.2525252525252526,0.0,0.0,0.05539781399550479,0.05535166,8.266357025522874,7.5150976,0.5219462640857294
224,exp3_aug_09,7.515151515151516,0.0,0.0,0.6780824840130653,0.7329837,26.143226912645645,28.153566,0.6209500038394755
234,exp3_aug_09,10.646464646464647,0.0,0.0,1.0406293991203557,0.9912362,31.864374946707763,33.736687,0.6671313127451033
256,exp3_aug_09,17.535353535353536,0.0,0.0,1.8363034188874916,1.8095278,38.70061064920118,38.105625,0.7615536703996332
264,exp3_aug_09,20.04040404040404,0.0,0.0,2.0929653282758096,2.0666184,39.69811410684009,38.458637,0.7936039986958949
267,exp3_aug_09,20.97979797979798,0.0,0.0,2.181088993408488,2.027437,39.92105691453149,40.15247,0.8053269904871758
273,exp3_aug_09,22.85858585858586,0.0,0.0,2.34098003404789,2.569014,40.16478153332237,40.64229,0.828304244927075
280,exp3_aug_09,25.050505050505052,0.0,0.0,2.495100381070041,2.390967,40.180023602172895,40.454117,0.8543456355407266
200,exp3_aug_10,0.0,0.0,0.0,-0.04186807218574342,0.0,3.5009965015091367,3.385351,0.5010280378161256
206,exp3_aug_10,1.878787878787879,0.0,0.0,0.10816000747359324,0.11129602,10.489670641118263,11.790684,0.5322620594213179
211,exp3_aug_10,3.4444444444444446,0.0,0.0,0.25082514636036635,0.24627852,15.602061481377968,15.562039,0.5576400130153718
258,exp3_aug_10,18.161616161616163,0.0,0.0,1.9030630936707995,1.9410866,39.01024876453598,39.386703,0.7696756621855831
274,exp3_aug_10,23.171717171717173,0.0,0.0,2.3652748280053615,2.4958773,40.18263737285035,42.698147,0.8320742035127083
279,exp3_aug_10,24.737373737373737,0.0,0.0,2.4754608414709414,2.3812442,40.19204979709647,39.516483,0.8506746922235409
286,exp3_aug_10,26.92929292929293,0.0,0.0,2.5944731150506017,2.511936,40.03528177309347,39.878216,0.8760356914908085
290,exp3_aug_10,28.181818181818183,0.0,0.0,2.6416689436659277,2.6892111,39.89128890078114,38.644382,0.8901835065530659
294,exp3_aug_10,29.434343434343436,0.0,0.0,2.672128544200839,2.506443,39.73132057179163,44.169266,0.9040890789556035
300,exp4_aug_01,0.0,0.0,0.0,-0.021236311643497846,0.0,3.516334989127309,3.1528788,0.5010280378161255
304,exp4_aug_01,1.2525252525252526,0.0,0.0,0.05420583815305738,0.058184188,8.328596947680188,8.110071,0.5219462640857301
318,exp4_aug_01,5.636363636363637,0.0,0.0,0.4359283852728494,0.43225086,21.971136388476744,22.22812,0.5922012443768552
342,exp4_aug_01,13.151515151515152,0.0,0.0,1.3457344451301514,1.3604213,35.57940601276612,34.67649,0.7025745268404456
355,exp4_aug_01,17.22222222222222,0.0,0.0,1.8641008952808173,1.926836,38.94795411660471,41.08834,0.7574648679525183
358,exp4_aug_01,18.161616161616163,0.0,0.0,1.9777303855198913,1.9662443,39.41627857591293,39.71594,0.7696756621855841
364,exp4_aug_01,20.04040404040404,0.0,0.0,2.192960218295781,2.3588774,40.06119741800134,40.641167,0.7936039986958954
391,exp4_aug_01,28.494949494949495,0.0,0.0,2.8202802185717575,2.8306608,39.65994503942806,38.40132,0.8936823576107317
394,exp4_aug_01,29.434343434343436,0.0,0.0,2.8410988491737568,2.990362,39.43422729299768,38.82016,0.9040890789556029
300,exp4_aug_02,0.0,0.0,0.0,-0.021236311643497846,0.0,3.516334989127309,3.5106618,0.5010280378161255
303,exp4_aug_02,0.9393939393939394,0.0,0.0,0.0337441644350574,0.03340582,7.165749818644625,7.490056,0.5167526883435223
313,exp4_aug_02,4.070707070707071,0.0,0.0,0.28118866804321685,0.27873343,17.642754657451512,18.649832,0.5676286998104858
319,exp4_aug_02,5.94949494949495,0.0,0.0,0.4689305405876775,0.495569,22.76852282250638,22.201626,0.5970481310675853
340,exp4_aug_02,12.525252525252526,0.0,0.0,1.2646427177212813,1.3102068,34.84259879202142,33.30134,0.6938356467273904
365,exp4_aug_02,20.353535353535356,0.0,0.0,2.226961033801609,2.2110195,40.13416267577142,45.041748,0.7975292920767435
372,exp4_aug_02,22.545454545454547,0.0,0.0,2.446511475539177,2.3855112,40.40566098651264,39.432896,0.8245174305874572
384,exp4_aug_02,26.303030303030305,0.0,0.0,2.727453055974742,2.8207288,40.11165058257349,44.878216,0.8688689246237524
398,exp4_aug_02,30.68686868686869,0.0,0.0,2.8494125399251473,2.843558,39.12173823516762,41.479748,0.9177588673817212
300,exp4_aug_03,0.0,0.0,0.0,-0.021236311643497846,0.0,3.516334989127309,3.6124701,0.5010280378161255
308,exp4_aug_03,2.505050505050505,0.0,0.0,0.146014799208894,0.14915761,12.719395964629477,12.953961,0.5424833860046487
318,exp4_aug_03,5.636363636363637,0.0,0.0,0.4359283852728494,0.4094267,21.971136388476744,23.883728,0.5922012443768552
353,exp4_aug_03,16.5959595959596,0.0,0.0,1.7866097650741322,1.7186261,38.57653485008631,36.76294,0.7492311453653729
372,exp4_aug_03,22.545454545454547,0.0,0.0,2.446511475539177,2.429696,40.40566098651264,39.37628,0.8245174305874572
377,exp4_aug_03,24.111111111111114,0.0,0.0,2.5800888383993428,2.4288783,40.37996287629561,41.248734,0.8432839539149679
380,exp4_aug_03,25.050505050505052,0.0,0.0,2.649335558500918,2.4949143,40.29364285600817,38.71232,0.8543456355407261
384,exp4_aug_03,26.303030303030305,0.0,0.0,2.727453055974742,2.549037,40.11165058257349,42.306835,0.8688689246237524
397,exp4_aug_03,30.373737373737377,0.0,0.0,2.8494975519987573,2.8488157,39.20024862596695,39.090195,0.9143631718137378
300,exp4_aug_04,0.0,0.0,0.0,-0.021236311643497846,0.0,3.516334989127309,3.349805,0.5010280378161255
333,exp4_aug_04,10.333333333333334,0.0,0.0,0.9841687706818415,1.0265262,31.739524724431504,32.333282,0.6626084087973743
341,exp4_aug_04,12.83838383838384,0.0,0.0,1.3051710516523096,1.235409,35.218947166596706,35.586376,0.6982151293317352
345,exp4_aug_04,14.090909090909092,0.0,0.0,1.467367991991338,1.5615771,36.56827022014828,37.02106,0.7155332179620342
356,exp4_aug_04,17.535353535353536,0.0,0.0,1.9023517184552912,2.0353453,39.11562037783911,37.04505,0.7615536703996342
370,exp4_aug_04,21.91919191919192,0.0,0.0,2.3873453521108052,2.4953065,40.367989932286115,40.937363,0.8168928309785631
376,exp4_aug_04,23.7979797979798,0.0,0.0,2.55511878453554,2.4804733,40.39767264784769,42.322254,0.839563957089728
382,exp4_aug_04,25.67676767676768,0.0,0.0,2.69051351314056,2.760374,40.21126209376652,42.357487,0.8616391750855295
386,exp4_aug_04,26.92929292929293,0.0,0.0,2.759940594320893,2.5710514,39.99706819387652,44.514954,0.8760356914908077
300,exp4_aug_05,0.0,0.0,0.0,-0.021236311643497846,0.0,3.516334989127309,3.4218435,0.5010280378161255
308,exp4_aug_05,2.505050505050505,0.0,0.0,0.146014799208894,0.15523802,12.719395964629477,12.957955,0.5424833860046487
320,exp4_aug_05,6.262626262626263,0.0,0.0,0.5025551353263896,0.49674875,23.54380508164971,24.66734,0.601872712490296
341,exp4_aug_05,12.83838383838384,0.0,0.0,1.3051710516523096,1.3127077,35.218947166596706,37.132244,0.6982151293317352
348,exp4_aug_05,15.030303030303031,0.0,0.0,1.5883559077022704,1.709631,37.42429809339085,38.129784,0.7283147762322678
358,exp4_aug_05,18.161616161616163,0.0,0.0,1.9777303855198913,2.000308,39.41627857591293,36.189144,0.7696756621855841
372,exp4_aug_05,22.545454545454547,0.0,0.0,2.446511475539177,2.5093436,40.40566098651264,39.83965,0.8245174305874572
385,exp4_aug_05,26.61616161616162,0.0,0.0,2.744266675251482,2.6967432,40.05608950594754,37.22078,0.8724601304327126
390,exp4_aug_05,28.181818181818183,0.0,0.0,2.8107052868188145,2.7842548,39.73203026976044,40.15742,0.8901835065530651
300,exp4_aug_06,0.0,0.0,0.0,-0.021236311643497846,0.0,3.516334989127309,3.5075321,0.5010280378161255
312,exp4_aug_06,3.757575757575758,0.0,0.0,0.2524818300634418,0.2431014,16.706811011554567,16.838387,0.5626458622561822
319,exp4_aug_06,5.94949494949495,0.0,0.0,0.4689305405876775,0.49238265,22.76852282250638,21.148119,0.5970481310675853
328,exp4_aug_06,8.767676767676768,0.0,0.0,0.790755822257338,0.7794105,28.984210930600735,28.188427,0.6396784842544776
336,exp4_aug_06,11.272727272727273,0.0,0.0,1.1034139591717245,1.0927901,33.172660331042785,33.195446,0.6761148470151331
354,exp4_aug_06,16.90909090909091,0.0,0.0,1.825511344458658,1.8601378,38.768353101997434,37.90495,0.7533573932467403
370,exp4_aug_06,21.91919191919192,0.0,0.0,2.3873453521108052,2.4673467,40.367989932286115,37.21955,0.8168928309785631
388,exp4_aug_06,27.555555555555557,0.0,0.0,2.7877625354964404,2.9686983,39.869774799123036,41.06271,0.8831402830221078
392,exp4_aug_06,28.80808080808081,0.0,0.0,2.8285552556054436,2.7218292,39.58609447723619,37.696175,0.8971661694190926
300,exp4_aug_07,0.0,0.0,0.0,-0.021236311643497846,0.0,3.516334989127309,3.20184,0.5010280378161255
306,exp4_aug_07,1.878787878787879,0.0,0.0,0.09817126361485116,0.101539135,10.57554938813157,10.690336,0.5322620594213189
312,exp4_aug_07,3.757575757575758,0.0,0.0,0.2524818300634418,0.2607073,16.706811011554567,16.11127,0.5626458622561822
319,exp4_aug_07,5.94949494949495,0.0,0.0,0.4689305405876775,0.41624346,22.76852282250638,23.303516,0.5970481310675853
327,exp4_aug_07,8.454545454545455,0.0,0.0,0.7531128791991254,0.6559563,28.375592649034438,31.695093,0.6350287119665643
334,exp4_aug_07,10.646464646464647,0.0,0.0,1.0237041133961802,0.9360606,32.23500934791401,34.423386,0.6671313127451057
352,exp4_aug_07,16.282828282828284,0.0,0.0,1.7474228562125615,1.6619884,38.37221687694043,39.637173,0.7450860233914894
382,exp4_aug_07,25.67676767676768,0.0,0.0,2.69051351314056,2.591407,40.21126209376652,41.959255,0.8616391750855295
387,exp4_aug_07,27.242424242424242,0.0,0.0,2.7744481140976522,2.7671545,39.93486913029138,37.029884,0.8795957087149637
300,exp4_aug_08,0.0,0.0,0.0,-0.021236311643497846,0.0,3.516334989127309,3.2686882,0.5010280378161255
306,exp4_aug_08,1.878787878787879,0.0,0.0,0.09817126361485116,0.10576733,10.57554938813157,11.022769,0.5322620594213189
320,exp4_aug_08,6.262626262626263,0.0,0.0,0.5025551353263896,0.463553,23.54380508164971,22.500824,0.601872712490296
327,exp4_aug_08,8.454545454545455,0.0,0.0,0.7531128791991254,0.76418364,28.375592649034438,28.273252,0.6350287119665643
335,exp4_aug_08,10.95959595959596,0.0,0.0,1.063461409254582,1.0933298,32.71262705547414,29.893793,0.6716334251787166
356,exp4_aug_08,17.535353535353536,0.0,0.0,1.9023517184552912,1.9207613,39.11562037783911,41.516663,0.7615536703996342
369,exp4_aug_08,21.60606060606061,0.0,0.0,2.3566401199626963,2.2412972,40.33774940552484,37.733265,0.8130548438754335
372,exp4_aug_08,22.545454545454547,0.0,0.0,2.446511475539177,2.4361703,40.40566098651264,38.55976,0.8245174305874572
397,exp4_aug_08,30.373737373737377,0.0,0.0,2.8494975519987573,2.9391935,39.20024862596695,39.85215,0.9143631718137378
300,exp4_aug_09,0.0,0.0,0.0,-0.021236311643497846,0.0,3.516334989127309,3.2672894,0.5010280378161255
310,exp4_aug_09,3.1313131313131315,0.0,0.0,0.1975228522526147,0.20214647,14.762396548621336,16.76613,0.5526110511711324
320,exp4_aug_09,6.262626262626263,0.0,0.0,0.5025551353263896,0.51660675,23.54380508164971,23.358372,0.601872712490296
328,exp4_aug_09,8.767676767676768,0.0,0.0,0.790755822257338,0.7694505,28.984210930600735,30.883873,0.6396784842544776
332,exp4_aug_09,10.02020202020202,0.0,0.0,0.9448820801968868,0.90337354,31.22589070109569,32.26939,0.6580646124185956
342,exp4_aug_09,13.151515151515152,0.0,0.0,1.3457344451301514,1.3641343,35.57940601276612,34.363514,0.7025745268404456
387,exp4_aug_09,27.242424242424242,0.0,0.0,2.7744481140976522,2.8105009,39.93486913029138,40.105877,0.8795957087149637
390,exp4_aug_09,28.181818181818183,0.0,0.0,2.8107052868188145,2.9637384,39.73203026976044,40.263813,0.8901835065530651
396,exp4_aug_09,30.060606060606062,0.0,0.0,2.8481224748411815,3.1453147,39.27868858849236,41.858967,0.9109530424980079
300,exp4_aug_10,0.0,0.0,0.0,-0.021236311643497846,0.0,3.516334989127309,3.6890447,0.5010280378161255
325,exp4_aug_10,7.828282828282829,0.0,0.0,0.6790802323919594,0.6826417,27.098540691654268,28.067457,0.6256645726759911
331,exp4_aug_10,9.707070707070708,0.0,0.0,0.9058707410266376,0.9240526,30.693824793975637,30.05876,0.6534998226918434
341,exp4_aug_10,12.83838383838384,0.0,0.0,1.3051710516523096,1.2454425,35.218947166596706,36.422314,0.6982151293317352
351,exp4_aug_10,15.96969696969697,0.0,0.0,1.7079773169592696,1.8514879,38.15511669862888,38.186096,0.740921926408164
360,exp4_aug_10,18.78787878787879,0.0,0.0,2.0514337529698876,2.3017619,39.67258756766629,40.776726,0.7777241759400026
374,exp4_aug_10,23.171717171717173,0.0,0.0,2.5025071505749463,2.3355145,40.4148019345507,41.730442,0.832074203512708
379,exp4_aug_10,24.737373737373737,0.0,0.0,2.627223924467353,2.5091624,40.32766549644492,37.802536,0.8506746922235404
385,exp4_aug_10,26.61616161616162,0.0,0.0,2.744266675251482,2.816012,40.05608950594754,38.215313,0.8724601304327126
400,exp5_aug_01,0.0,0.0,0.0,-0.02604143744906264,0.0,3.4580471650943703,3.5225399,0.5013187530271608
405,exp5_aug_01,1.5656565656565657,0.0,0.0,0.07083105490028684,0.06693443,9.097874066527654,9.573226,0.5278035826987152
431,exp5_aug_01,9.707070707070708,0.0,0.0,0.8842712419621261,0.8547241,29.32020301533872,30.075161,0.6547461988653851
434,exp5_aug_01,10.646464646464647,0.0,0.0,0.9976280560140198,0.93127316,30.835552141111446,29.996931,0.6683339799872543
450,exp5_aug_01,15.656565656565657,0.0,0.0,1.6059016836950204,1.56956,36.821177071185886,37.403538,0.7375811183660907
455,exp5_aug_01,17.22222222222222,0.0,0.0,1.7853981754160158,1.7147409,38.10803317161932,39.261993,0.7581969167873123
474,exp5_aug_01,23.171717171717173,0.0,0.0,2.335594061292371,2.3925405,41.479436606943054,43.380093,0.8327314083348141
493,exp5_aug_01,29.121212121212125,0.0,0.0,2.5307467762902855,2.6748009,44.17574056305968,35.951878,0.9023319174891361
497,exp5_aug_01,30.373737373737377,0.0,0.0,2.508392474843782,2.453835,44.872605340415376,44.26323,0.916491792972171
400,exp5_aug_02,0.0,0.0,0.0,-0.02604143744906264,0.0,3.4580471650943703,3.3025029,0.5013187530271608
406,exp5_aug_02,1.878787878787879,0.0,0.0,0.0932174854192652,0.09049767,10.149706188376369,9.322481,0.5330150382421548
424,exp5_aug_02,7.515151515151516,0.0,0.0,0.6291964738748073,0.59021336,25.200318425150506,26.782444,0.6222357079500789
440,exp5_aug_02,12.525252525252526,0.0,0.0,1.2275428393860102,1.1836755,33.46381158513148,34.36805,0.694918401656141
448,exp5_aug_02,15.030303030303031,0.0,0.0,1.5317681247607942,1.5748316,36.239532660498746,36.581276,0.7292051653059521
467,exp5_aug_02,20.97979797979798,0.0,0.0,2.163911378557423,2.377762,40.437544588192196,40.16192,0.8059221504059372
471,exp5_aug_02,22.232323232323232,0.0,0.0,2.2673516040448294,2.3014483,41.05081659183439,39.300392,0.8213279503585247
482,exp5_aug_02,25.67676767676768,0.0,0.0,2.4722277370858423,2.708813,42.56465008889255,39.48513,0.8625547265239066
495,exp5_aug_02,29.747474747474747,0.0,0.0,2.522723458014684,2.6602616,44.51387535882381,43.123306,0.9094303309472
400,exp5_aug_03,0.0,0.0,0.0,-0.02604143744906264,0.0,3.4580471650943703,3.4473777,0.5013187530271608
418,exp5_aug_03,5.636363636363637,0.0,0.0,0.42694016018939773,0.4288688,20.948647643489696,20.390913,0.593427953250084
434,exp5_aug_03,10.646464646464647,0.0,0.0,0.9976280560140198,1.0024633,30.835552141111446,32.906208,0.6683339799872543
449,exp5_aug_03,15.343434343434344,0.0,0.0,1.5689734292866322,1.5124965,36.53546781031314,36.094376,0.7334026123227098
453,exp5_aug_03,16.5959595959596,0.0,0.0,1.7147415666271442,1.8021564,37.620291843066916,35.26448,0.7500051000288208
457,exp5_aug_03,17.84848484848485,0.0,0.0,1.854268392723068,1.9403654,38.56289251939565,39.67781,0.7663180321471332
460,exp5_aug_03,18.78787878787879,0.0,0.0,1.9537297203756319,1.9386768,39.18937689220225,39.10658,0.778370831466842
469,exp5_aug_03,21.60606060606061,0.0,0.0,2.2173159098893955,2.2054327,40.75126307624572,40.651905,0.8136544948375902
478,exp5_aug_03,24.424242424242426,0.0,0.0,2.4126831465782503,2.2066786,42.02630856787593,40.51759,0.8477456577662876
400,exp5_aug_04,0.0,0.0,0.0,-0.02604143744906264,0.0,3.4580471650943703,3.1286087,0.5013187530271608
408,exp5_aug_04,2.505050505050505,0.0,0.0,0.14077621483565636,0.142161,12.179911031966029,11.861732,0.543354126436441
413,exp5_aug_04,4.070707070707071,0.0,0.0,0.27460523250523733,0.28683314,16.842507480570898,16.361532,0.56872272378866
418,exp5_aug_04,5.636363636363637,0.0,0.0,0.42694016018939773,0.45724565,20.948647643489696,21.85872,0.593427953250084
429,exp5_aug_04,9.080808080808081,0.0,0.0,0.8098109017039732,0.85048026,28.229316967719612,29.700298,0.6455743404570918
439,exp5_aug_04,12.212121212121213,0.0,0.0,1.189115691950666,1.1736028,33.06080298173498,32.320145,0.6905409937011732
463,exp5_aug_04,19.727272727272727,0.0,0.0,2.0479000590465573,2.0091913,39.75691726136989,38.08934,0.7902740448173602
477,exp5_aug_04,24.111111111111114,0.0,0.0,2.394985026745159,2.3687387,41.89122588711304,44.2793,0.8440118584398051
494,exp5_aug_04,29.434343434343436,0.0,0.0,2.5275094462849808,2.529063,44.34240067885896,44.28556,0.9058858486159473
400,exp5_aug_05,0.0,0.0,0.0,-0.02604143744906264,0.0,3.4580471650943703,3.4059772,0.5013187530271608
429,exp5_aug_05,9.080808080808081,0.0,0.0,0.8098109017039732,0.82864803,28.229316967719612,27.501652,0.6455743404570918
440,exp5_aug_05,12.525252525252526,0.0,0.0,1.2275428393860102,1.1215229,33.46381158513148,34.65783,0.694918401656141
449,exp5_aug_05,15.343434343434344,0.0,0.0,1.5689734292866322,1.5576881,36.53546781031314,37.084183,0.7334026123227098
464,exp5_aug_05,20.04040404040404,0.0,0.0,2.0779825261330536,2.0069175,39.93455846764306,39.040592,0.7942095256483755
468,exp5_aug_05,21.292929292929294,0.0,0.0,2.19102061989106,2.2826908,40.596341569922714,38.229523,0.8097957892042462
471,exp5_aug_05,22.232323232323232,0.0,0.0,2.2673516040448294,2.1348739,41.05081659183439,39.83286,0.8213279503585247
481,exp5_aug_05,25.363636363636367,0.0,0.0,2.4590852887003285,2.5555375,42.42969462436109,41.37977,0.8588709567421787
494,exp5_aug_05,29.434343434343436,0.0,0.0,2.5275094462849808,2.3934464,44.34240067885896,44.028564,0.9058858486159473
400,exp5_aug_06,0.0,0.0,0.0,-0.02604143744906264,0.0,3.4580471650943703,3.3801906,0.5013187530271608
420,exp5_aug_06,6.262626262626263,0.0,0.0,0.4922645632197851,0.46164852,22.444654452820735,22.26071,0.603130208269207
432,exp5_aug_06,10.02020202020202,0.0,0.0,0.9218629307829697,0.9214763,29.84111581772581,29.541733,0.6592979158341326
444,exp5_aug_06,13.777777777777779,0.0,0.0,1.3807415646596302,1.3994938,34.94684852599921,32.121758,0.7122217487594555
454,exp5_aug_06,16.90909090909091,0.0,0.0,1.7502790409773907,1.7165341,37.86843987108577,35.57806,0.7541099515515429
472,exp5_aug_06,22.545454545454547,0.0,0.0,2.2910354922842586,2.2740166,41.196117065682586,42.599464,0.8251431221206844
484,exp5_aug_06,26.303030303030305,0.0,0.0,2.4948556876210963,2.4336135,42.8373065802577,44.87908,0.869886536895718
488,exp5_aug_06,27.555555555555557,0.0,0.0,2.5246925809011485,2.5801246,43.40296031635258,42.92622,0.8844131471167385
491,exp5_aug_06,28.494949494949495,0.0,0.0,2.5326884933412606,2.7016423,43.8555270947928,44.82405,0.8951948650996999
400,exp5_aug_07,0.0,0.0,0.0,-0.02604143744906264,0.0,3.4580471650943703,3.108766,0.5013187530271608
404,exp5_aug_07,1.2525252525252526,0.0,0.0,0.04941092445256564,0.050757352,8.021109834921324,8.049299,0.5225639049413651
423,exp5_aug_07,7.202020202020202,0.0,0.0,0.5942487530338566,0.62013245,24.540110557131424,26.173307,0.6174961819813206
457,exp5_aug_07,17.84848484848485,0.0,0.0,1.854268392723068,1.8012103,38.56289251939565,37.330666,0.7663180321471332
462,exp5_aug_07,19.414141414141415,0.0,0.0,2.0171449304189326,2.024131,39.57372941823289,39.135612,0.7863225761349562
466,exp5_aug_07,20.666666666666668,0.0,0.0,2.136016443847321,2.208325,40.27453789876295,41.54026,0.8020333675053795
475,exp5_aug_07,23.484848484848484,0.0,0.0,2.356412226143385,2.2280638,41.61812413893787,44.239773,0.8365049446613533
490,exp5_aug_07,28.181818181818183,0.0,0.0,2.531449396304599,2.59271,43.701305277742655,45.262566,0.8916113219625055
496,exp5_aug_07,30.060606060606062,0.0,0.0,2.516360553520563,2.5543606,44.69049883524552,42.9392,0.9129655754201798
400,exp5_aug_08,0.0,0.0,0.0,-0.02604143744906264,0.0,3.4580471650943703,3.5169604,0.5013187530271608
408,exp5_aug_08,2.505050505050505,0.0,0.0,0.14077621483565636,0.14554971,12.179911031966029,12.553313,0.543354126436441
431,exp5_aug_08,9.707070707070708,0.0,0.0,0.8842712419621261,0.93288463,29.32020301533872,27.621462,0.6547461988653851
447,exp5_aug_08,14.717171717171718,0.0,0.0,1.494314028076341,1.4242606,35.933037389451435,39.233425,0.7249885663785328
451,exp5_aug_08,15.96969696969697,0.0,0.0,1.6425246300271246,1.5978708,37.09699467540825,37.017136,0.7417408943733796
469,exp5_aug_08,21.60606060606061,0.0,0.0,2.2173159098893955,2.3306365,40.75126307624572,41.638958,0.8136544948375902
475,exp5_aug_08,23.484848484848484,0.0,0.0,2.356412226143385,2.2828696,41.61812413893787,43.255356,0.8365049446613533
483,exp5_aug_08,25.98989898989899,0.0,0.0,2.484160622712376,2.5500994,42.70040933009433,40.24404,0.8662265162626581
486,exp5_aug_08,26.92929292929293,0.0,0.0,2.5124193234497563,2.5656085,43.11585203663432,43.627716,0.8771721145939023
400,exp5_aug_09,0.0,0.0,0.0,-0.02604143744906264,0.0,3.4580471650943703,3.2435958,0.5013187530271608
426,exp5_aug_09,8.141414141414142,0.0,0.0,0.7003518541580942,0.71116084,26.46532330480961,25.750462,0.6316423276083851
436,exp5_aug_09,11.272727272727273,0.0,0.0,1.073980458305326,1.0091164,31.769030971254146,34.062077,0.677281624009777
439,exp5_aug_09,12.212121212121213,0.0,0.0,1.189115691950666,1.1850314,33.06080298173498,32.416237,0.6905409937011732
446,exp5_aug_09,14.404040404040405,0.0,0.0,1.4566393971921063,1.5202492,35.61564776487992,36.66414,0.7207526046031668
458,exp5_aug_09,18.161616161616163,0.0,0.0,1.8879629596738252,1.7938344,38.77882703122096,36.141094,0.7703526041457542
461,exp5_aug_09,19.101010101010104,0.0,0.0,1.985745398209013,1.9954491,39.38466070594077,33.672867,0.7823549086638784
485,exp5_aug_09,26.61616161616162,0.0,0.0,2.504284673853167,2.5222197,42.975676071673945,44.584633,0.873534999360371
497,exp5_aug_09,30.373737373737377,0.0,0.0,2.508392474843782,2.5871148,44.872605340415376,45.75839,0.916491792972171
400,exp5_aug_10,0.0,0.0,0.0,-0.02604143744906264,0.0,3.4580471650943703,3.47665,0.5013187530271608
426,exp5_aug_10,8.141414141414142,0.0,0.0,0.7003518541580942,0.73494124,26.46532330480961,27.12175,0.6316423276083851
429,exp5_aug_10,9.080808080808081,0.0,0.0,0.8098109017039732,0.78148824,28.229316967719612,27.531197,0.6455743404570918
439,exp5_aug_10,12.212121212121213,0.0,0.0,1.189115691950666,1.1677486,33.06080298173498,32.67285,0.6905409937011732
455,exp5_aug_10,17.22222222222222,0.0,0.0,1.7853981754160158,1.7887365,38.10803317161932,42.588707,0.7581969167873123
458,exp5_aug_10,18.161616161616163,0.0,0.0,1.8879629596738252,1.836068,38.77882703122096,39.686115,0.7703526041457542
464,exp5_aug_10,20.04040404040404,0.0,0.0,2.0779825261330536,2.1467545,39.93455846764306,38.21984,0.7942095256483755
472,exp5_aug_10,22.545454545454547,0.0,0.0,2.2910354922842586,2.3038087,41.196117065682586,38.4481,0.8251431221206844
495,exp5_aug_10,29.747474747474747,0.0,0.0,2.522723458014684,2.6053574,44.51387535882381,45.601406,0.9094303309472
500,exp6_aug_01,0.0,0.0,0.0,-0.017652471636034374,0.0,3.5965857434099977,3.5111682,0.5013187530271613
504,exp6_aug_01,1.2525252525252526,0.0,0.0,0.05104754775992341,0.05659222,8.241346292160843,8.884,0.5225639049413661
517,exp6_aug_01,5.3232323232323235,0.0,0.0,0.37788295295623486,0.38281778,20.523234534028983,19.740004,0.5885387111653546
530,exp6_aug_01,9.393939393939394,0.0,0.0,0.817036589574476,0.8537457,29.11396538056278,30.500746,0.6501717440521337
542,exp6_aug_01,13.151515151515152,0.0,0.0,1.2703072932509996,1.1562774,34.455709604489485,38.783283,0.7036109102765401
559,exp6_aug_01,18.474747474747474,0.0,0.0,1.8970816038295553,1.8811501,39.019619807187304,38.305542,0.7743701336065615
586,exp6_aug_01,26.92929292929293,0.0,0.0,2.553284258639186,2.344718,43.04549863612812,41.506187,0.8771721145939021
591,exp6_aug_01,28.494949494949495,0.0,0.0,2.593492573868783,2.5668526,43.830160704927096,41.709095,0.8951948650997004
594,exp6_aug_01,29.434343434343436,0.0,0.0,2.6016046603112617,2.5689394,44.35752305969364,42.335625,0.9058858486159482
500,exp6_aug_02,0.0,0.0,0.0,-0.017652471636034374,0.0,3.5965857434099977,3.4954352,0.5013187530271613
503,exp6_aug_02,0.9393939393939394,0.0,0.0,0.03227593148817046,0.033000723,7.120884385245826,6.6452656,0.5172957940328203
526,exp6_aug_02,8.141414141414142,0.0,0.0,0.6735477293977988,0.6516213,26.816005736525856,22.265001,0.6316423276083859
552,exp6_aug_02,16.282828282828284,0.0,0.0,1.648175428878038,1.5963987,37.473889495168386,37.87975,0.7458821512818608
564,exp6_aug_02,20.04040404040404,0.0,0.0,2.061008375763442,1.9495609,39.91749752940172,40.12196,0.7942095256483748
567,exp6_aug_02,20.97979797979798,0.0,0.0,2.15218354122951,2.2462885,40.39546477845554,43.877438,0.8059221504059363
578,exp6_aug_02,24.424242424242426,0.0,0.0,2.4271216147742267,2.6451583,41.934728910278125,41.787296,0.847745657766287
583,exp6_aug_02,25.98989898989899,0.0,0.0,2.5143457748927065,2.407558,42.61533355184971,41.748066,0.8662265162626577
590,exp6_aug_02,28.181818181818183,0.0,0.0,2.588047036539558,2.6886117,43.66476640597921,44.001053,0.8916113219625057
500,exp6_aug_03,0.0,0.0,0.0,-0.017652471636034374,0.0,3.5965857434099977,3.4710777,0.5013187530271613
504,exp6_aug_03,1.2525252525252526,0.0,0.0,0.05104754775992341,0.05140823,8.241346292160843,9.136758,0.5225639049413661
510,exp6_aug_03,3.1313131313131315,0.0,0.0,0.18412165608051512,0.18513197,14.419270395152209,13.974768,0.553582857022504
531,exp6_aug_03,9.707070707070708,0.0,0.0,0.8537525386769514,0.81435597,29.6447157509451,29.319395,0.6547461988653857
534,exp6_aug_03,10.646464646464647,0.0,0.0,0.9654891993292005,0.9924372,31.137785766946056,31.351414,0.6683339799872547
547,exp6_aug_03,14.717171717171718,0.0,0.0,1.46115602757925,1.5843303,36.10202190729549,39.062614,0.7249885663785326
575,exp6_aug_03,23.484848484848484,0.0,0.0,2.3625905144650883,2.3152726,41.53223546818444,40.11887,0.8365049446613524
578,exp6_aug_03,24.424242424242426,0.0,0.0,2.4271216147742267,2.5069036,41.934728910278125,40.929348,0.847745657766287
593,exp6_aug_03,29.121212121212125,0.0,0.0,2.600298645029329,2.6829293,44.17617691913689,44.705105,0.9023319174891369
500,exp6_aug_04,0.0,0.0,0.0,-0.017652471636034374,0.0,3.5965857434099977,3.488822,0.5013187530271613
518,exp6_aug_04,5.636363636363637,0.0,0.0,0.4084396321003764,0.42498717,21.30496783775315,20.518782,0.5934279532500849
545,exp6_aug_04,14.090909090909092,0.0,0.0,1.3850852388886237,1.4312623,35.478965140496946,34.47791,0.716497069042569
550,exp6_aug_04,15.656565656565657,0.0,0.0,1.5740452625196142,1.56986,36.955178924631895,37.940228,0.7375811183660903
553,exp6_aug_04,16.5959595959596,0.0,0.0,1.6848199371526213,1.8173043,37.71931288607256,33.840076,0.7500051000288203
556,exp6_aug_04,17.535353535353536,0.0,0.0,1.7927440510615182,1.6103617,38.40420083309763,37.70193,0.7622662066734134
579,exp6_aug_04,24.737373737373737,0.0,0.0,2.446671905570116,2.4959784,42.06890598105779,42.660545,0.8514666333006533
594,exp6_aug_04,29.434343434343436,0.0,0.0,2.6016046603112617,2.4880166,44.35752305969364,48.55457,0.9058858486159482
599,exp6_aug_04,31.0,0.0,0.0,2.586074162749737,2.5808048,45.36211860289233,41.949978,0.9235179910623295
500,exp6_aug_05,0.0,0.0,0.0,-0.017652471636034374,0.0,3.5965857434099977,3.657695,0.5013187530271613
504,exp6_aug_05,1.2525252525252526,0.0,0.0,0.05104754775992341,0.05075818,8.241346292160843,8.408698,0.5225639049413661
507,exp6_aug_05,2.191919191919192,0.0,0.0,0.11336721242051322,0.10284975,11.44488866887892,11.41996,0.5381984825089694
513,exp6_aug_05,4.070707070707071,0.0,0.0,0.2625748783231777,0.26348448,17.17426851246087,17.443707,0.568722723788661
522,exp6_aug_05,6.888888888888889,0.0,0.0,0.5367672123796163,0.5188869,24.220731625400806,25.062414,0.61273223066978
530,exp6_aug_05,9.393939393939394,0.0,0.0,0.817036589574476,0.78332376,29.11396538056278,29.884539,0.6501717440521337
542,exp6_aug_05,13.151515151515152,0.0,0.0,1.2703072932509996,1.2947991,34.455709604489485,33.427197,0.7036109102765401
575,exp6_aug_05,23.484848484848484,0.0,0.0,2.3625905144650883,2.335095,41.53223546818444,39.47045,0.8365049446613524
588,exp6_aug_05,27.555555555555557,0.0,0.0,2.573207254756678,2.5203583,43.347394861160396,49.755096,0.8844131471167385
500,exp6_aug_06,0.0,0.0,0.0,-0.017652471636034374,0.0,3.5965857434099977,3.6416543,0.5013187530271613
514,exp6_aug_06,4.383838383838384,0.0,0.0,0.2903095821405267,0.2856534,18.04553916414844,17.55858,0.57371599536307
520,exp6_aug_06,6.262626262626263,0.0,0.0,0.4714377680488505,0.45440015,22.804359391731957,23.862001,0.6031302082692083
543,exp6_aug_06,13.464646464646465,0.0,0.0,1.30861983111084,1.2544888,34.80910031812982,34.220085,0.707926432816541
550,exp6_aug_06,15.656565656565657,0.0,0.0,1.5740452625196142,1.6491238,36.955178924631895,38.140297,0.7375811183660903
567,exp6_aug_06,20.97979797979798,0.0,0.0,2.15218354122951,2.2554326,40.39546477845554,45.33674,0.8059221504059363
573,exp6_aug_06,22.85858585858586,0.0,0.0,2.31494218373805,2.273506,41.26031685551895,43.614445,0.8289442044670186
590,exp6_aug_06,28.181818181818183,0.0,0.0,2.588047036539558,2.5105364,43.66476640597921,42.80122,0.8916113219625057
599,exp6_aug_06,31.0,0.0,0.0,2.586074162749737,2.8842883,45.36211860289233,46.470066,0.9235179910623295
500,exp6_aug_07,0.0,0.0,0.0,-0.017652471636034374,0.0,3.5965857434099977,3.8274636,0.5013187530271613
504,exp6_aug_07,1.2525252525252526,0.0,0.0,0.05104754775992341,0.05161739,8.241346292160843,8.556136,0.5225639049413661
509,exp6_aug_07,2.8181818181818183,0.0,0.0,0.15964507598507058,0.15870829,13.452668593142619,13.564549,0.5484821809618585
517,exp6_aug_07,5.3232323232323235,0.0,0.0,0.37788295295623486,0.34671587,20.523234534028983,21.383598,0.5885387111653546
530,exp6_aug_07,9.393939393939394,0.0,0.0,0.817036589574476,0.831872,29.11396538056278,28.23981,0.6501717440521337
536,exp6_aug_07,11.272727272727273,0.0,0.0,1.0410317248044403,1.1130157,32.05413599146584,29.95083,0.6772816240097773
573,exp6_aug_07,22.85858585858586,0.0,0.0,2.31494218373805,2.3561378,41.26031685551895,41.31874,0.8289442044670186
593,exp6_aug_07,29.121212121212125,0.0,0.0,2.600298645029329,2.7389836,44.17617691913689,46.408978,0.9023319174891369
596,exp6_aug_07,30.060606060606062,0.0,0.0,2.599886353904972,2.5059016,44.73870197094788,44.871418,0.912965575420181
500,exp6_aug_08,0.0,0.0,0.0,-0.017652471636034374,0.0,3.5965857434099977,3.5623617,0.5013187530271613
510,exp6_aug_08,3.1313131313131315,0.0,0.0,0.18412165608051512,0.18756449,14.419270395152209,13.53694,0.553582857022504
513,exp6_aug_08,4.070707070707071,0.0,0.0,0.2625748783231777,0.2683966,17.17426851246087,18.491007,0.568722723788661
521,exp6_aug_08,6.575757575757576,0.0,0.0,0.5038247063037942,0.52492684,23.522741867281415,26.992332,0.6079436430781704
525,exp6_aug_08,7.828282828282829,0.0,0.0,0.638655544785408,0.6571466,26.195965721652637,22.845903,0.6269510195133393
571,exp6_aug_08,22.232323232323232,0.0,0.0,2.26384619515807,2.3019238,40.982146803795175,44.181553,0.8213279503585238
574,exp6_aug_08,23.171717171717173,0.0,0.0,2.3392109359705335,2.1366735,41.39687653541027,39.415783,0.8327314083348132
584,exp6_aug_08,26.303030303030305,0.0,0.0,2.528496122384639,2.5189898,42.75618082970306,45.132782,0.8698865368957176
594,exp6_aug_08,29.434343434343436,0.0,0.0,2.6016046603112617,2.4210713,44.35752305969364,43.90857,0.9058858486159482
500,exp6_aug_09,0.0,0.0,0.0,-0.017652471636034374,0.0,3.5965857434099977,3.5698116,0.5013187530271613
508,exp6_aug_09,2.505050505050505,0.0,0.0,0.13605117500683847,0.12999769,12.461328721933995,13.606519,0.543354126436442
528,exp6_aug_09,8.767676767676768,0.0,0.0,0.7445626536901034,0.7851382,28.00070141634068,28.869976,0.6409537771429776
532,exp6_aug_09,10.02020202020202,0.0,0.0,0.8907514628533603,0.92353284,30.158694530371474,30.135248,0.6592979158341331
538,exp6_aug_09,11.8989898989899,0.0,0.0,1.1171609650815242,1.2822984,32.910642105110135,33.255253,0.6861425353999798
550,exp6_aug_09,15.656565656565657,0.0,0.0,1.5740452625196142,1.6074307,36.955178924631895,36.4136,0.7375811183660903
557,exp6_aug_09,17.84848484848485,0.0,0.0,1.8279580878105524,1.7419978,38.61657644903491,38.491066,0.7663180321471325
561,exp6_aug_09,19.101010101010104,0.0,0.0,1.9642839813785091,1.9685972,39.39613341802627,37.613197,0.7823549086638775
577,exp6_aug_09,24.111111111111114,0.0,0.0,2.406573113141629,2.3238318,41.80079954297095,44.291077,0.8440118584398044
500,exp6_aug_10,0.0,0.0,0.0,-0.017652471636034374,0.0,3.5965857434099977,3.597677,0.5013187530271613
528,exp6_aug_10,8.767676767676768,0.0,0.0,0.7445626536901034,0.7808793,28.00070141634068,27.830921,0.6409537771429776
556,exp6_aug_10,17.535353535353536,0.0,0.0,1.7927440510615182,1.6817068,38.40420083309763,36.365345,0.7622662066734134
568,exp6_aug_10,21.292929292929294,0.0,0.0,2.181214891120989,2.131011,40.5468333066455,40.617424,0.8097957892042451
572,exp6_aug_10,22.545454545454547,0.0,0.0,2.28981151704233,2.2490046,41.12219431586305,43.08117,0.8251431221206835
576,exp6_aug_10,23.7979797979798,0.0,0.0,2.385053659947018,2.2904048,41.66675576648886,37.89022,0.8402650243839211
585,exp6_aug_10,26.61616161616162,0.0,0.0,2.5414847033916974,2.4265087,42.8994484869134,44.166557,0.8735349993603708
588,exp6_aug_10,27.555555555555557,0.0,0.0,2.573207254756678,2.4128244,43.347394861160396,41.948643,0.8844131471167385
593,exp6_aug_10,29.121212121212125,0.0,0.0,2.600298645029329,2.336359,44.17617691913689,43.91603,0.9023319174891369
600,exp7_aug_01,0.0,0.0,0.0,-0.07359020239256013,0.0,3.8907634708449303,3.8176074,0.5012571700723294
610,exp7_aug_01,3.1313131313131315,0.0,0.0,0.2778153903463448,0.2792087,13.992428811184844,13.883434,0.5511577094026088
623,exp7_aug_01,7.202020202020202,0.0,0.0,0.7083323114266872,0.7038605,24.451201953203146,23.550669,0.6131092405240298
627,exp7_aug_01,8.454545454545455,0.0,0.0,0.8349306203836835,0.8558802,27.098817072794862,27.386343,0.6315233605995066
633,exp7_aug_01,10.333333333333334,0.0,0.0,1.019736631759438,1.0007687,30.595091038657475,31.004904,0.6585849011584632
642,exp7_aug_01,13.151515151515152,0.0,0.0,1.2856508069947525,1.2021271,34.82284415958756,37.369537,0.6979403787441609
659,exp7_aug_01,18.474747474747474,0.0,0.0,1.7518403683477202,1.8074186,39.76908032895146,37.21421,0.7683522941025321
670,exp7_aug_01,21.91919191919192,0.0,0.0,2.0290567923223666,2.091697,41.08447585877694,40.713078,0.8112763588946621
676,exp7_aug_01,23.7979797979798,0.0,0.0,2.1723910053579303,2.3200705,41.24855803513569,46.683556,0.8338465559465825
600,exp7_aug_02,0.0,0.0,0.0,-0.07359020239256013,0.0,3.8907634708449303,3.4913237,0.5012571700723294
604,exp7_aug_02,1.2525252525252526,0.0,0.0,0.0691125111631165,0.06692539,8.15533655580279,8.344365,0.5214556748084582
614,exp7_aug_02,4.383838383838384,0.0,0.0,0.4134183161583315,0.41331622,17.522091402189695,17.237577,0.5705667982449703
618,exp7_aug_02,5.636363636363637,0.0,0.0,0.546223487420873,0.573391,20.771524998157293,20.733166,0.5896659776733724
645,exp7_aug_02,14.090909090909092,0.0,0.0,1.371317562399812,1.3967658,35.97423110539653,31.97449,0.7107346968389889
652,exp7_aug_02,16.282828282828284,0.0,0.0,1.565512567472099,1.5695307,38.18658249467809,40.01258,0.7399693584176468
657,exp7_aug_02,17.84848484848485,0.0,0.0,1.6993991010809726,1.6300669,39.378756146766854,37.13624,0.7603287488295611
661,exp7_aug_02,19.101010101010104,0.0,0.0,1.8036499550007274,1.8192092,40.111421695036704,42.288925,0.7763077749670004
695,exp7_aug_02,29.747474747474747,0.0,0.0,2.5906839064168,2.6622562,39.54052628850301,42.146187,0.901542479326156
600,exp7_aug_03,0.0,0.0,0.0,-0.07359020239256013,0.0,3.8907634708449303,3.6040688,0.5012571700723294
632,exp7_aug_03,10.02020202020202,0.0,0.0,0.9893570942841396,1.0192605,30.05105466911329,31.474499,0.6541208888221176
641,exp7_aug_03,12.83838383838384,0.0,0.0,1.2567670847263535,1.3686981,34.41105100219289,35.45556,0.693639865566432
654,exp7_aug_03,16.90909090909091,0.0,0.0,1.619546211444458,1.5629429,38.701155967906125,42.380795,0.7481648950067332
664,exp7_aug_03,20.04040404040404,0.0,0.0,1.880186521415104,1.9364507,40.537112089375725,41.249847,0.7881142906451892
669,exp7_aug_03,21.60606060606061,0.0,0.0,2.0046317248296788,1.9991423,41.020580716303854,40.697037,0.8074574214020565
674,exp7_aug_03,23.171717171717173,0.0,0.0,2.1252230327745147,2.1279948,41.23481567686083,42.52534,0.8263882231404862
688,exp7_aug_03,27.555555555555557,0.0,0.0,2.4427764963273364,2.5063164,40.532834885493386,41.711273,0.877256518593703
698,exp7_aug_03,30.68686868686869,0.0,0.0,2.6518997395551858,2.5902514,38.999086198374314,37.55351,0.911722699631793
600,exp7_aug_04,0.0,0.0,0.0,-0.07359020239256013,0.0,3.8907634708449303,4.2724576,0.5012571700723294
608,exp7_aug_04,2.505050505050505,0.0,0.0,0.20895724081501824,0.20318331,12.120058927803461,12.474986,0.5413359030684168
632,exp7_aug_04,10.02020202020202,0.0,0.0,0.9893570942841396,0.9944329,30.05105466911329,27.620106,0.6541208888221176
641,exp7_aug_04,12.83838383838384,0.0,0.0,1.2567670847263535,1.3723801,34.41105100219289,34.83605,0.693639865566432
644,exp7_aug_04,13.777777777777779,0.0,0.0,1.3429256693980172,1.3734138,35.60431157545237,33.73536,0.7064877420863005
666,exp7_aug_04,20.666666666666668,0.0,0.0,1.9304300817050193,1.9726284,40.76378866600752,40.84296,0.7959014407832593
674,exp7_aug_04,23.171717171717173,0.0,0.0,2.1252230327745147,2.234366,41.23481567686083,39.804665,0.8263882231404862
692,exp7_aug_04,28.80808080808081,0.0,0.0,2.5281687563400155,2.5133095,40.01373902119601,41.124565,0.8912260574023648
697,exp7_aug_04,30.373737373737377,0.0,0.0,2.631638203001994,2.849411,39.186942653015066,40.924095,0.9083443392194775
600,exp7_aug_05,0.0,0.0,0.0,-0.07359020239256013,0.0,3.8907634708449303,3.6288645,0.5012571700723294
622,exp7_aug_05,6.888888888888889,0.0,0.0,0.6762549958757011,0.6413638,23.748578286255636,23.835619,0.6084585945126998
640,exp7_aug_05,12.525252525252526,0.0,0.0,1.2277186665021573,1.3503399,33.9850546975074,34.510193,0.689321394992079
649,exp7_aug_05,15.343434343434344,0.0,0.0,1.483256996522247,1.3816998,37.31800953911475,35.39218,0.72754555659044
658,exp7_aug_05,18.161616161616163,0.0,0.0,1.7256988830077962,1.6569189,39.57997740774008,35.671234,0.7643490556641789
674,exp7_aug_05,23.171717171717173,0.0,0.0,2.1252230327745147,1.9979961,41.23481567686083,44.76593,0.8263882231404862
682,exp7_aug_05,25.67676767676768,0.0,0.0,2.3102704701501384,2.4229865,41.05584793764386,41.515324,0.8558361773349346
690,exp7_aug_05,28.181818181818183,0.0,0.0,2.485765127765744,2.4071937,40.289674945700405,39.433243,0.8842720779656786
695,exp7_aug_05,29.747474747474747,0.0,0.0,2.5906839064168,2.7353647,39.54052628850301,42.86371,0.901542479326156
600,exp7_aug_06,0.0,0.0,0.0,-0.07359020239256013,0.0,3.8907634708449303,3.8735375,0.5012571700723294
618,exp7_aug_06,5.636363636363637,0.0,0.0,0.546223487420873,0.53728,20.771524998157293,20.904959,0.5896659776733724
624,exp7_aug_06,7.515151515151516,0.0,0.0,0.7402381552195136,0.80848086,25.13741502959382,26.105246,0.6177409878442366
641,exp7_aug_06,12.83838383838384,0.0,0.0,1.2567670847263535,1.2176466,34.41105100219289,34.22819,0.693639865566432
650,exp7_aug_06,15.656565656565657,0.0,0.0,1.5108367027489926,1.5438538,37.6205924047147,40.544865,0.7317042931841712
664,exp7_aug_06,20.04040404040404,0.0,0.0,1.880186521415104,2.0350118,40.537112089375725,41.835003,0.7881142906451892
676,exp7_aug_06,23.7979797979798,0.0,0.0,2.1723910053579303,2.1108007,41.24855803513569,42.134857,0.8338465559465825
683,exp7_aug_06,25.98989898989899,0.0,0.0,2.3327257674438373,2.307073,40.99090142567091,39.132214,0.8594454625045851
688,exp7_aug_06,27.555555555555557,0.0,0.0,2.4427764963273364,2.4902298,40.532834885493386,35.44466,0.877256518593703
600,exp7_aug_07,0.0,0.0,0.0,-0.07359020239256013,0.0,3.8907634708449303,3.8313897,0.5012571700723294
618,exp7_aug_07,5.636363636363637,0.0,0.0,0.546223487420873,0.5217545,20.771524998157293,20.668634,0.5896659776733724
626,exp7_aug_07,8.141414141414142,0.0,0.0,0.8035369332645476,0.7847594,26.461099953652685,26.385193,0.6269479955878363
643,exp7_aug_07,13.464646464646465,0.0,0.0,1.3143702097408192,1.3470374,35.220556805428394,36.76793,0.7022229868194042
652,exp7_aug_07,16.282828282828284,0.0,0.0,1.565512567472099,1.4828455,38.18658249467809,42.055927,0.7399693584176468
667,exp7_aug_07,20.97979797979798,0.0,0.0,1.955318745954469,1.8832216,40.860359755656134,45.80787,0.7997700146404938
674,exp7_aug_07,23.171717171717173,0.0,0.0,2.1252230327745147,1.996668,41.23481567686083,40.664455,0.8263882231404862
677,exp7_aug_07,24.111111111111114,0.0,0.0,2.1957475222560987,2.2068276,41.24050155166084,43.342514,0.8375515055499125
683,exp7_aug_07,25.98989898989899,0.0,0.0,2.3327257674438373,2.4897976,40.99090142567091,38.76978,0.8594454625045851
600,exp7_aug_08,0.0,0.0,0.0,-0.07359020239256013,0.0,3.8907634708449303,4.086173,0.5012571700723294
625,exp7_aug_08,7.828282828282829,0.0,0.0,0.7719729036876456,0.80228996,25.807340151164663,27.301313,0.622353888767459
629,exp7_aug_08,9.080808080808081,0.0,0.0,0.897208472982517,0.83229494,28.326613803989723,27.239367,0.6406180743732826
635,exp7_aug_08,10.95959595959596,0.0,0.0,1.079992960872958,1.1435307,31.637733713922355,34.5471,0.667457850876089
648,exp7_aug_08,15.030303030303031,0.0,0.0,1.4555156058074208,1.5179473,37.002204612119954,36.356575,0.7233692809531951
671,exp7_aug_08,22.232323232323232,0.0,0.0,2.05332808042973,2.1310024,41.137724290332194,44.95311,0.8150788555206692
676,exp7_aug_08,23.7979797979798,0.0,0.0,2.1723910053579303,2.3519433,41.24855803513569,40.271866,0.8338465559465825
694,exp7_aug_08,29.434343434343436,0.0,0.0,2.569990393517869,2.699381,39.7060081978762,41.43054,0.8981188752568725
697,exp7_aug_08,30.373737373737377,0.0,0.0,2.631638203001994,2.3938746,39.186942653015066,41.07957,0.9083443392194775
600,exp7_aug_09,0.0,0.0,0.0,-0.07359020239256013,0.0,3.8907634708449303,4.2370024,0.5012571700723294
604,exp7_aug_09,1.2525252525252526,0.0,0.0,0.0691125111631165,0.0668867,8.15533655580279,7.774781,0.5214556748084582
607,exp7_aug_09,2.191919191919192,0.0,0.0,0.17426267687589578,0.17896298,11.156560114063533,11.483329,0.5363955013935823
611,exp7_aug_09,3.4444444444444446,0.0,0.0,0.31197972880547803,0.3369988,14.901545152300303,15.850491,0.5560392186502439
620,exp7_aug_09,6.262626262626263,0.0,0.0,0.611584443765393,0.59270823,22.293608637742125,21.152975,0.5991003972401152
646,exp7_aug_09,14.404040404040405,0.0,0.0,1.399546265179668,1.361228,36.33043803099784,33.831566,0.7149639033716084
689,exp7_aug_09,27.868686868686872,0.0,0.0,2.46434412562129,2.3704531,40.415413231554325,41.114655,0.8807720219186714
692,exp7_aug_09,28.80808080808081,0.0,0.0,2.5281687563400155,2.5277922,40.01373902119601,38.60068,0.8912260574023648
696,exp7_aug_09,30.060606060606062,0.0,0.0,2.6112330507670207,2.7447305,39.36746356163697,40.743828,0.9049509498823115
600,exp7_aug_10,0.0,0.0,0.0,-0.07359020239256013,0.0,3.8907634708449303,3.9245539,0.5012571700723294
612,exp7_aug_10,3.757575757575758,0.0,0.0,0.345968078304877,0.3160961,15.792779274014922,15.881129,0.5609012016770897
631,exp7_aug_10,9.707070707070708,0.0,0.0,0.9588094729518633,0.9558931,29.491711430645275,29.16823,0.6496384484418983
635,exp7_aug_10,10.95959595959596,0.0,0.0,1.079992960872958,1.1929146,31.637733713922355,33.994633,0.667457850876089
644,exp7_aug_10,13.777777777777779,0.0,0.0,1.3429256693980172,1.3210672,35.60431157545237,37.084854,0.7064877420863005
658,exp7_aug_10,18.161616161616163,0.0,0.0,1.7256988830077962,1.5609165,39.57997740774008,42.591175,0.7643490556641789
668,exp7_aug_10,21.292929292929294,0.0,0.0,1.9800525015182011,2.0446696,40.94591622717593,39.823666,0.8036219907487133
680,exp7_aug_10,25.050505050505052,0.0,0.0,2.264911712578025,2.3696058,41.1580930796312,37.95753,0.8485701146906961
697,exp7_aug_10,30.373737373737377,0.0,0.0,2.631638203001994,2.784503,39.186942653015066,36.673935,0.9083443392194775
700,exp8_aug_01,0.0,0.0,0.0,-0.07209228851647734,0.0,3.962010966359754,4.187975,0.5013270306511209
717,exp8_aug_01,5.3232323232323235,0.0,0.0,0.5569369908337957,0.5182819,20.18139544381042,19.552858,0.5876552992052347
726,exp8_aug_01,8.141414141414142,0.0,0.0,0.8880285621825839,0.8221732,26.813981904121214,26.173422,0.6300880512418041
739,exp8_aug_01,12.212121212121213,0.0,0.0,1.349394284344171,1.2553877,34.14640197588231,33.689774,0.6880285371712744
749,exp8_aug_01,15.343434343434344,0.0,0.0,1.681132902286644,1.727313,38.07156262312708,43.07569,0.7303292978221831
755,exp8_aug_01,17.22222222222222,0.0,0.0,1.8668844002297715,1.9490422,39.74581312450179,40.10472,0.7549239849871543
769,exp8_aug_01,21.60606060606061,0.0,0.0,2.250597610665432,2.1913793,41.772345459523464,44.073788,0.810506220711718
776,exp8_aug_01,23.7979797979798,0.0,0.0,2.411189118438511,2.508575,41.84855032725228,43.34974,0.8375793725467755
788,exp8_aug_01,27.555555555555557,0.0,0.0,2.628197310601261,2.69174,40.62050633847939,41.22888,0.8833126385151622
700,exp8_aug_02,0.0,0.0,0.0,-0.07209228851647734,0.0,3.962010966359754,4.133964,0.5013270306511209
718,exp8_aug_02,5.636363636363637,0.0,0.0,0.5939782540991295,0.5965122,20.983345093641443,20.245907,0.5924735203510794
731,exp8_aug_02,9.707070707070708,0.0,0.0,1.0685667333874207,1.0497109,29.941496741029624,29.83162,0.6528091315789067
738,exp8_aug_02,11.8989898989899,0.0,0.0,1.3149409540905195,1.3355476,33.673518160569024,34.743923,0.6836975955396467
746,exp8_aug_02,14.404040404040405,0.0,0.0,1.5842727299555475,1.571785,37.045328804277176,35.269104,0.7178219019780747
749,exp8_aug_02,15.343434343434344,0.0,0.0,1.681132902286644,1.7003968,38.07156262312708,39.71367,0.7303292978221831
772,exp8_aug_02,22.545454545454547,0.0,0.0,2.322240470749711,2.4516485,41.87893131467058,41.786743,0.822155795530912
777,exp8_aug_02,24.111111111111114,0.0,0.0,2.432200050416661,2.39511,41.81065588301648,45.081203,0.8414180851644686
789,exp8_aug_02,27.868686868686872,0.0,0.0,2.6426190806244154,2.439662,40.443973854094686,38.090603,0.8871001516589461
700,exp8_aug_03,0.0,0.0,0.0,-0.07209228851647734,0.0,3.962010966359754,3.716398,0.5013270306511209
712,exp8_aug_03,3.757575757575758,0.0,0.0,0.3713277372757757,0.35795644,15.922626282810956,15.664166,0.5631518545652862
736,exp8_aug_03,11.272727272727273,0.0,0.0,1.2454379834396718,1.2237271,32.68293162624635,33.392567,0.6749761775730599
744,exp8_aug_03,13.777777777777779,0.0,0.0,1.5183668256842326,1.5099928,36.289747914981994,36.65944,0.7093994706483976
755,exp8_aug_03,17.22222222222222,0.0,0.0,1.8668844002297715,2.0419567,39.74581312450179,39.221386,0.7549239849871543
763,exp8_aug_03,19.727272727272727,0.0,0.0,2.095545449370602,2.042184,41.21766639222172,40.38994,0.786955837403164
781,exp8_aug_03,25.363636363636367,0.0,0.0,2.5111044391452086,2.4612749,41.54014735230865,39.829052,0.8567146332168831
785,exp8_aug_03,26.61616161616162,0.0,0.0,2.581410814126711,2.5983052,41.08297527279403,42.02338,0.8719345760026986
799,exp8_aug_03,31.0,0.0,0.0,2.7525536505421315,2.7213185,38.082691449058,40.34019,0.9249221723819707
700,exp8_aug_04,0.0,0.0,0.0,-0.07209228851647734,0.0,3.962010966359754,3.9025826,0.5013270306511209
724,exp8_aug_04,7.515151515151516,0.0,0.0,0.8150053472252539,0.78157717,25.452758616174517,24.838346,0.6208347603059863
740,exp8_aug_04,12.525252525252526,0.0,0.0,1.3836384259096248,1.4085503,34.60444686933069,35.199924,0.6923400971963127
752,exp8_aug_04,16.282828282828284,0.0,0.0,1.7754071182004076,1.8298081,38.971044252473845,36.30284,0.7426935315871895
766,exp8_aug_04,20.666666666666668,0.0,0.0,2.174962277716707,2.3720665,41.55260362943529,40.88058,0.7987760285738221
769,exp8_aug_04,21.60606060606061,0.0,0.0,2.250597610665432,2.1953988,41.772345459523464,38.468136,0.810506220711718
774,exp8_aug_04,23.171717171717173,0.0,0.0,2.3676801505888276,2.3919291,41.888131247917116,38.228733,0.8298820242896443
781,exp8_aug_04,25.363636363636367,0.0,0.0,2.5111044391452086,2.6589947,41.54014735230865,41.726307,0.8567146332168831
796,exp8_aug_04,30.060606060606062,0.0,0.0,2.7263370322558753,2.7033029,38.90273492008647,39.21667,0.9135759762983946
700,exp8_aug_05,0.0,0.0,0.0,-0.07209228851647734,0.0,3.962010966359754,3.7562099,0.5013270306511209
703,exp8_aug_05,0.9393939393939394,0.0,0.0,0.03800014828211171,0.03782004,7.1871605877821105,6.839542,0.5172043774576347
706,exp8_aug_05,1.878787878787879,0.0,0.0,0.1487416164917282,0.14853701,10.254286726208553,10.539007,0.5327947092361266
722,exp8_aug_05,6.888888888888889,0.0,0.0,0.741614216330839,0.69820315,24.027647569247502,25.037104,0.6114830946903456
727,exp8_aug_05,8.454545454545455,0.0,0.0,0.9243826662341875,0.8929471,27.470824474790295,26.99201,0.6346786748820071
732,exp8_aug_05,10.02020202020202,0.0,0.0,1.1042655930111245,1.1616484,30.52036797610692,30.03085,0.6572854736416087
741,exp8_aug_05,12.83838383838384,0.0,0.0,1.4176655648066196,1.4896655,35.04772837543949,34.32327,0.6966326230856529
758,exp8_aug_05,18.161616161616163,0.0,0.0,1.9553537709076698,1.9436833,40.397908671395214,39.781384,0.7670300397361373
785,exp8_aug_05,26.61616161616162,0.0,0.0,2.581410814126711,2.734055,41.08297527279403,41.997597,0.8719345760026986
700,exp8_aug_06,0.0,0.0,0.0,-0.07209228851647734,0.0,3.962010966359754,3.8928456,0.5013270306511209
728,exp8_aug_06,8.767676767676768,0.0,0.0,0.960621349360735,0.9009176,28.111921709290336,27.0578,0.6392457472649279
731,exp8_aug_06,9.707070707070708,0.0,0.0,1.0685667333874207,0.94695896,29.941496741029624,32.352303,0.6528091315789067
742,exp8_aug_06,13.151515151515152,0.0,0.0,1.451467887054894,1.4272237,35.47632202873409,35.75347,0.7009064623101867
745,exp8_aug_06,14.090909090909092,0.0,0.0,1.5514478141047738,1.6613495,36.674731216986,37.199356,0.7136193347038573
769,exp8_aug_06,21.60606060606061,0.0,0.0,2.250597610665432,2.272228,41.772345459523464,39.99527,0.810506220711718
773,exp8_aug_06,22.85858585858586,0.0,0.0,2.345197742677818,2.5589046,41.88966665529544,39.564587,0.8260226937084238
782,exp8_aug_06,25.67676767676768,0.0,0.0,2.5295066316300243,2.5300012,41.44316520381727,39.656307,0.8605259319798528
788,exp8_aug_06,27.555555555555557,0.0,0.0,2.628197310601261,2.9587815,40.62050633847939,38.627953,0.8833126385151622
700,exp8_aug_07,0.0,0.0,0.0,-0.07209228851647734,0.0,3.962010966359754,4.0235233,0.5013270306511209
721,exp8_aug_07,6.575757575757576,0.0,0.0,0.7048002173578788,0.6600277,23.290945299853004,22.148018,0.6067695027003636
726,exp8_aug_07,8.141414141414142,0.0,0.0,0.8880285621825839,0.8616704,26.813981904121214,27.21067,0.6300880512418041
738,exp8_aug_07,11.8989898989899,0.0,0.0,1.3149409540905195,1.2934661,33.673518160569024,35.361088,0.6836975955396467
762,exp8_aug_07,19.414141414141415,0.0,0.0,2.0682693061859267,2.044423,41.08006917267107,38.95063,0.782994152363728
774,exp8_aug_07,23.171717171717173,0.0,0.0,2.3676801505888276,2.4911017,41.888131247917116,42.68328,0.8298820242896443
786,exp8_aug_07,26.92929292929293,0.0,0.0,2.597585363372147,2.366581,40.94008258235441,36.227745,0.8757301981579296
789,exp8_aug_07,27.868686868686872,0.0,0.0,2.6426190806244154,2.6202934,40.443973854094686,39.307537,0.8871001516589461
797,exp8_aug_07,30.373737373737377,0.0,0.0,2.7357409092214255,2.727432,38.63981983763011,35.930035,0.9173571541308608
700,exp8_aug_08,0.0,0.0,0.0,-0.07209228851647734,0.0,3.962010966359754,4.061701,0.5013270306511209
727,exp8_aug_08,8.454545454545455,0.0,0.0,0.9243826662341875,0.91211,27.470824474790295,25.72726,0.6346786748820071
731,exp8_aug_08,9.707070707070708,0.0,0.0,1.0685667333874207,1.0953598,29.941496741029624,31.493725,0.6528091315789067
736,exp8_aug_08,11.272727272727273,0.0,0.0,1.2454379834396718,1.2822648,32.68293162624635,33.827145,0.6749761775730599
743,exp8_aug_08,13.464646464646465,0.0,0.0,1.4850375786741858,1.5024079,35.89030336373981,35.790703,0.7051619623408049
751,exp8_aug_08,15.96969696969697,0.0,0.0,1.7442827313537375,1.5521212,38.68517472842748,39.399117,0.7385874481117136
754,exp8_aug_08,16.90909090909091,0.0,0.0,1.836715766618687,1.8187653,39.50128791598567,37.910553,0.7508614525540189
763,exp8_aug_08,19.727272727272727,0.0,0.0,2.095545449370602,2.0735617,41.21766639222172,42.261955,0.786955837403164
789,exp8_aug_08,27.868686868686872,0.0,0.0,2.6426190806244154,2.7188883,40.443973854094686,40.07223,0.8871001516589461
700,exp8_aug_09,0.0,0.0,0.0,-0.07209228851647734,0.0,3.962010966359754,4.184259,0.5013270306511209
703,exp8_aug_09,0.9393939393939394,0.0,0.0,0.03800014828211171,0.0393867,7.1871605877821105,7.733731,0.5172043774576347
709,exp8_aug_09,2.8181818181818183,0.0,0.0,0.2599211386453052,0.28617856,13.165428813823397,14.182484,0.548107407700657
730,exp8_aug_09,9.393939393939394,0.0,0.0,1.0327211969176129,1.0527776,29.347182307884655,28.682188,0.6483106281424864
753,exp8_aug_09,16.5959595959596,0.0,0.0,1.8062207346154786,1.9875711,39.2430568034848,39.072605,0.7467847505776611
759,exp8_aug_09,18.474747474747474,0.0,0.0,1.9841386711476439,1.9649655,40.58836560922586,41.32594,0.7710393687052941
776,exp8_aug_09,23.7979797979798,0.0,0.0,2.411189118438511,2.453043,41.84855032725228,42.845673,0.8375793725467755
780,exp8_aug_09,25.050505050505052,0.0,0.0,2.492164870801203,2.4873421,41.625463028999604,39.413105,0.8528985466247508
793,exp8_aug_09,29.121212121212125,0.0,0.0,2.69422914390157,2.7255676,39.62797730583269,35.27366,0.9022335983226564
700,exp8_aug_10,0.0,0.0,0.0,-0.07209228851647734,0.0,3.962010966359754,3.8512812,0.5013270306511209
703,exp8_aug_10,0.9393939393939394,0.0,0.0,0.03800014828211171,0.037207626,7.1871605877821105,7.599386,0.5172043774576347
718,exp8_aug_10,5.636363636363637,0.0,0.0,0.5939782540991295,0.5883285,20.983345093641443,21.141567,0.5924735203510794
726,exp8_aug_10,8.141414141414142,0.0,0.0,0.8880285621825839,0.86402154,26.813981904121214,27.077978,0.6300880512418041
750,exp8_aug_10,15.656565656565657,0.0,0.0,1.7128553880557291,1.7674738,38.38537269682034,40.841354,0.7344661526803418
755,exp8_aug_10,17.22222222222222,0.0,0.0,1.8668844002297715,1.8785927,39.74581312450179,36.74769,0.7549239849871543
767,exp8_aug_10,20.97979797979798,0.0,0.0,2.2006046401618944,2.0646482,41.63854968311148,44.544926,0.8026956292177948
779,exp8_aug_10,24.737373737373737,0.0,0.0,2.472695740578269,2.550687,41.6990366993648,41.59257,0.8490773247325651
783,exp8_aug_10,25.98989898989899,0.0,0.0,2.5473636342753876,2.3432226,41.334592118050814,39.421455,0.8643327903845512
800,exp9_aug_01,0.0,0.0,0.0,-0.05519607684224061,0.0,3.3820974853012977,3.3722484,0.5012571700723285
812,exp9_aug_01,3.757575757575758,0.0,0.0,0.34749289703120284,0.33286828,14.737780896004512,15.014635,0.5609012016770883
815,exp9_aug_01,4.696969696969697,0.0,0.0,0.4510083185547602,0.4145188,17.169754465004186,15.776352,0.5753705163742813
826,exp9_aug_01,8.141414141414142,0.0,0.0,0.8359360963406831,0.82380354,24.79470063378201,22.728004,0.6269479955878348
848,exp9_aug_01,15.030303030303031,0.0,0.0,1.6026615221271667,1.6189729,34.60755463725819,33.611786,0.7233692809531941
855,exp9_aug_01,17.22222222222222,0.0,0.0,1.8369049499628418,1.8279282,36.41310779300923,35.927334,0.7522367207949764
873,exp9_aug_01,22.85858585858586,0.0,0.0,2.3946863347681253,2.3085022,38.66732069099333,39.008083,0.8226347353494428
888,exp9_aug_01,27.555555555555557,0.0,0.0,2.7889351288336885,3.0428705,38.41468344766159,38.320065,0.8772565185937041
898,exp9_aug_01,30.68686868686869,0.0,0.0,3.0044242842793936,3.325556,37.43940631562478,39.19689,0.9117226996317945
800,exp9_aug_02,0.0,0.0,0.0,-0.05519607684224061,0.0,3.3820974853012977,3.2116823,0.5012571700723285
808,exp9_aug_02,2.505050505050505,0.0,0.0,0.21099757713822992,0.20851055,11.247553144227203,10.74865,0.5413359030684155
814,exp9_aug_02,4.383838383838384,0.0,0.0,0.41640729538144305,0.4228363,16.37648124002064,17.180595,0.5705667982449689
824,exp9_aug_02,7.515151515151516,0.0,0.0,0.7655565589195441,0.7672022,23.553978927649013,22.47395,0.617740987844235
837,exp9_aug_02,11.585858585858587,0.0,0.0,1.2227183510789825,1.2261299,30.54056866825278,26.041393,0.6762577159478836
843,exp9_aug_02,13.464646464646465,0.0,0.0,1.431363087100367,1.3173137,32.954265654314526,31.54237,0.7022229868194031
854,exp9_aug_02,16.90909090909091,0.0,0.0,1.8039116208236363,1.7365022,36.189877930677035,35.174477,0.7481648950067324
874,exp9_aug_02,23.171717171717173,0.0,0.0,2.4232550470021232,2.592833,38.70408491217866,37.72265,0.8263882231404865
878,exp9_aug_02,24.424242424242426,0.0,0.0,2.534482674112374,2.6426969,38.76954711544639,41.016544,0.8412403803456162
800,exp9_aug_03,0.0,0.0,0.0,-0.05519607684224061,0.0,3.3820974853012977,3.3668113,0.5012571700723285
808,exp9_aug_03,2.505050505050505,0.0,0.0,0.21099757713822992,0.22190686,11.247553144227203,12.165676,0.5413359030684155
825,exp9_aug_03,7.828282828282829,0.0,0.0,0.8007353987018195,0.83303064,24.182179771529263,25.186766,0.6223538887674576
840,exp9_aug_03,12.525252525252526,0.0,0.0,1.3273832417878975,1.2968718,31.807824385409255,30.575916,0.6893213949920778
846,exp9_aug_03,14.404040404040405,0.0,0.0,1.5344815337952438,1.5842147,33.98395355224787,34.6026,0.7149639033716075
868,exp9_aug_03,21.292929292929294,0.0,0.0,2.2475985208986886,2.0511322,38.353587049376124,39.884495,0.8036219907487133
878,exp9_aug_03,24.424242424242426,0.0,0.0,2.534482674112374,2.2738042,38.76954711544639,40.306396,0.8412403803456162
891,exp9_aug_03,28.494949494949495,0.0,0.0,2.857970209726976,2.8309379,38.18040005453006,43.531208,0.8877567390288648
899,exp9_aug_03,31.0,0.0,0.0,3.0235787517336505,3.1847482,37.313546657266954,37.73827,0.9150860834133983
800,exp9_aug_04,0.0,0.0,0.0,-0.05519607684224061,0.0,3.3820974853012977,3.2161844,0.5012571700723285
806,exp9_aug_04,1.878787878787879,0.0,0.0,0.14352116120802902,0.13763626,9.393619172152373,9.154047,0.5314353643214024
819,exp9_aug_04,5.94949494949495,0.0,0.0,0.5902188338844004,0.5955845,20.17251062439896,21.253885,0.5943927413905817
841,exp9_aug_04,12.83838383838384,0.0,0.0,1.362128015181592,1.385845,32.203194755601665,32.392406,0.6936398655664309
855,exp9_aug_04,17.22222222222222,0.0,0.0,1.8369049499628418,1.8746438,36.41310779300923,34.189953,0.7522367207949764
863,exp9_aug_04,19.727272727272727,0.0,0.0,2.0940356826019695,2.104245,37.80954490689438,35.68838,0.7841956097760759
871,exp9_aug_04,22.232323232323232,0.0,0.0,2.3366804649578903,2.392798,38.56826097229336,36.125202,0.8150788555206694
880,exp9_aug_04,25.050505050505052,0.0,0.0,2.5881767121610904,2.5594456,38.75542715197054,37.68594,0.8485701146906968
886,exp9_aug_04,26.92929292929293,0.0,0.0,2.7409526906064112,2.5195153,38.54010238698601,38.010044,0.8701789609333285
800,exp9_aug_05,0.0,0.0,0.0,-0.05519607684224061,0.0,3.3820974853012977,3.36009,0.5012571700723285
821,exp9_aug_05,6.575757575757576,0.0,0.0,0.6602165027200783,0.6789013,21.573792403547156,22.590899,0.6037889975161064
832,exp9_aug_05,10.02020202020202,0.0,0.0,1.0472335275183502,1.0161062,28.14896916821845,30.52661,0.6541208888221162
854,exp9_aug_05,16.90909090909091,0.0,0.0,1.8039116208236363,1.949738,36.189877930677035,34.697235,0.7481648950067324
857,exp9_aug_05,17.84848484848485,0.0,0.0,1.902362806139744,1.805018,36.82621490732498,36.68253,0.7603287488295606
861,exp9_aug_05,19.101010101010104,0.0,0.0,2.0309804252655743,1.906655,37.523230182110744,36.205994,0.776307774967
865,exp9_aug_05,20.353535353535356,0.0,0.0,2.1561855680456654,2.1383352,38.05600206614765,36.676685,0.7920162168828704
882,exp9_aug_05,25.67676767676768,0.0,0.0,2.640521229463846,2.9389355,38.711677521297304,38.66869,0.8558361773349353
888,exp9_aug_05,27.555555555555557,0.0,0.0,2.7889351288336885,2.7549748,38.41468344766159,38.865383,0.8772565185937041
800,exp9_aug_06,0.0,0.0,0.0,-0.05519607684224061,0.0,3.3820974853012977,3.2922087,0.5012571700723285
804,exp9_aug_06,1.2525252525252526,0.0,0.0,0.07662857836370635,0.07710282,7.465534093077663,7.6296606,0.5214556748084571
816,exp9_aug_06,5.01010101010101,0.0,0.0,0.4856965155924978,0.50711703,17.945843605664187,17.989262,0.5801549174593598
823,exp9_aug_06,7.202020202020202,0.0,0.0,0.7304061085946402,0.6819711,22.90994769187165,22.526518,0.6131092405240283
830,exp9_aug_06,9.393939393939394,0.0,0.0,0.9768268334463518,1.0198221,27.090992471909896,26.54191,0.6451375277236646
857,exp9_aug_06,17.84848484848485,0.0,0.0,1.902362806139744,1.9889303,36.82621490732498,36.51306,0.7603287488295606
867,exp9_aug_06,20.97979797979798,0.0,0.0,2.217377828790394,2.2658944,38.26380494202735,39.40541,0.7997700146404938
878,exp9_aug_06,24.424242424242426,0.0,0.0,2.534482674112374,2.2156303,38.76954711544639,40.94994,0.8412403803456162
892,exp9_aug_06,28.80808080808081,0.0,0.0,2.8801721565689054,2.751074,38.09059923545933,37.45125,0.8912260574023662
800,exp9_aug_07,0.0,0.0,0.0,-0.05519607684224061,0.0,3.3820974853012977,3.3122027,0.5012571700723285
807,exp9_aug_07,2.191919191919192,0.0,0.0,0.17718965583778634,0.16472737,10.329779841429973,11.136373,0.536395501393581
821,exp9_aug_07,6.575757575757576,0.0,0.0,0.6602165027200783,0.6926682,21.573792403547156,22.18793,0.6037889975161064
840,exp9_aug_07,12.525252525252526,0.0,0.0,1.3273832417878975,1.360449,31.807824385409255,29.744772,0.6893213949920778
844,exp9_aug_07,13.777777777777779,0.0,0.0,1.4658403224238803,1.5653932,33.31026700337415,33.808765,0.7064877420862994
847,exp9_aug_07,14.717171717171718,0.0,0.0,1.568632446641527,1.6557122,34.30193957260116,33.114418,0.7191754139782967
861,exp9_aug_07,19.101010101010104,0.0,0.0,2.0309804252655743,2.003965,37.523230182110744,35.34731,0.776307774967
873,exp9_aug_07,22.85858585858586,0.0,0.0,2.3946863347681253,2.2842617,38.66732069099333,42.431427,0.8226347353494428
897,exp9_aug_07,30.373737373737377,0.0,0.0,2.9848148678245474,3.0873384,37.560565942036106,36.284386,0.9083443392194791
800,exp9_aug_08,0.0,0.0,0.0,-0.05519607684224061,0.0,3.3820974853012977,3.4518218,0.5012571700723285
811,exp9_aug_08,3.4444444444444446,0.0,0.0,0.3131925850558464,0.32010582,13.892052956432723,15.347321,0.5560392186502425
830,exp9_aug_08,9.393939393939394,0.0,0.0,0.9768268334463518,0.93525577,27.090992471909896,27.318356,0.6451375277236646
843,exp9_aug_08,13.464646464646465,0.0,0.0,1.431363087100367,1.495721,32.954265654314526,35.40496,0.7022229868194031
852,exp9_aug_08,16.282828282828284,0.0,0.0,1.7374288184476285,1.6940355,35.70931354431594,38.64096,0.739969358417646
855,exp9_aug_08,17.22222222222222,0.0,0.0,1.8369049499628418,1.8232131,36.41310779300923,31.679832,0.7522367207949764
863,exp9_aug_08,19.727272727272727,0.0,0.0,2.0940356826019695,2.0418174,37.80954490689438,37.975525,0.7841956097760759
882,exp9_aug_08,25.67676767676768,0.0,0.0,2.640521229463846,2.8228142,38.711677521297304,40.17377,0.8558361773349353
897,exp9_aug_08,30.373737373737377,0.0,0.0,2.9848148678245474,3.009319,37.560565942036106,40.44649,0.9083443392194791
800,exp9_aug_09,0.0,0.0,0.0,-0.05519607684224061,0.0,3.3820974853012977,3.3765535,0.5012571700723285
805,exp9_aug_09,1.5656565656565657,0.0,0.0,0.10999862484974127,0.10990616,8.438920726124804,7.929093,0.5264554395577404
811,exp9_aug_09,3.4444444444444446,0.0,0.0,0.3131925850558464,0.30049917,13.892052956432723,14.232587,0.5560392186502425
825,exp9_aug_09,7.828282828282829,0.0,0.0,0.8007353987018195,0.7478893,24.182179771529263,24.424183,0.6223538887674576
832,exp9_aug_09,10.02020202020202,0.0,0.0,1.0472335275183502,1.0048144,28.14896916821845,30.652395,0.6541208888221162
841,exp9_aug_09,12.83838383838384,0.0,0.0,1.362128015181592,1.4223633,32.203194755601665,28.57253,0.6936398655664309
864,exp9_aug_09,20.04040404040404,0.0,0.0,2.1252270626107967,2.4023151,37.937680477077514,35.60962,0.788114290645189
875,exp9_aug_09,23.484848484848484,0.0,0.0,2.4515255686543296,2.3733008,38.73253925494703,39.463634,0.8301254792414869
887,exp9_aug_09,27.242424242424242,0.0,0.0,2.7651354604160363,2.728642,38.480570189779854,39.97475,0.8737255156966357
800,exp9_aug_10,0.0,0.0,0.0,-0.05519607684224061,0.0,3.3820974853012977,3.6107306,0.5012571700723285
849,exp9_aug_10,15.343434343434344,0.0,0.0,1.6365622286513801,1.608325,34.900949156488586,32.14672,0.7275455565904391
862,exp9_aug_10,19.414141414141415,0.0,0.0,2.062617959619968,2.259552,37.67144494532866,35.28981,0.7802601219813926
871,exp9_aug_10,22.232323232323232,0.0,0.0,2.3366804649578903,2.1633668,38.56826097229336,37.11513,0.8150788555206694
875,exp9_aug_10,23.484848484848484,0.0,0.0,2.4515255686543296,2.5106726,38.73253925494703,38.69329,0.8301254792414869
882,exp9_aug_10,25.67676767676768,0.0,0.0,2.640521229463846,2.7182562,38.711677521297304,37.918285,0.8558361773349353
886,exp9_aug_10,26.92929292929293,0.0,0.0,2.7409526906064112,2.8401604,38.54010238698601,37.267414,0.8701789609333285
894,exp9_aug_10,29.434343434343436,0.0,0.0,2.923322240464312,2.5864809,37.89434052689515,37.849846,0.8981188752568738
897,exp9_aug_10,30.373737373737377,0.0,0.0,2.9848148678245474,2.926335,37.560565942036106,36.551666,0.9083443392194791
