,process,t,Cf_N,G_Cf,V_N,CF_N
0,exp1,0.0,0.01667212041210146,339.9,0.5019444512095219,0.0019444512095218329
1,exp1,1.55,0.016124953043085036,339.9,0.5273560547513189,0.027356054751318894
2,exp1,3.1,0.015625231242887772,339.9,0.5519563191869753,0.05195631918697534
3,exp1,4.65,0.015172955011509668,339.9,0.575818785148161,0.0758187851481609
4,exp1,6.2,0.014768124348950721,339.9,0.5990169932665452,0.0990169932665452
5,exp1,7.75,0.014410739255210933,339.9,0.6216244841737981,0.12162448417379802
6,exp1,9.3,0.014100799730290305,339.9,0.643714798501589,0.143714798501589
7,exp1,10.85,0.013838305774188835,339.9,0.6653614768815878,0.16536147688158784
8,exp1,12.4,0.013623257386906527,339.9,0.6866380599454643,0.1866380599454643
9,exp1,13.950000000000001,0.013455654568443373,339.9,0.7076180883248878,0.20761808832488796
10,exp1,15.5,0.013335497318799381,339.9,0.7283751026515286,0.22837510265152863
11,exp1,17.05,0.013262785637974547,339.9,0.748982643557056,0.24898264355705596
12,exp1,18.6,0.013237519525968872,339.9,0.7695142516731397,0.2695142516731397
13,exp1,20.150000000000002,0.013259698982782356,339.9,0.7900434676314494,0.2900434676314494
14,exp1,21.7,0.013329324008414998,339.9,0.8106438320636549,0.3106438320636548
15,exp1,23.25,0.013446394602866799,339.9,0.8313888856014258,0.33138888560142576
16,exp1,24.8,0.013610910766137758,339.9,0.8523521688764317,0.3523521688764318
17,exp1,26.35,0.013822872498227877,339.9,0.8736072225203426,0.3736072225203427
18,exp1,27.900000000000002,0.014082279799137155,339.9,0.8952275871648281,0.39522758716482814
19,exp1,29.45,0.014389132668865594,339.9,0.9172868034415578,0.4172868034415578
20,exp1,31.0,0.014743431107413189,339.9,0.9398584119822014,0.4398584119822014
21,exp2,0.0,0.016854695182246974,339.9,0.5010280378161264,0.001028037816126168
22,exp2,1.55,0.016475729712597083,339.9,0.5268580971138705,0.026858097113870542
23,exp2,3.1,0.016104660984313138,339.9,0.5521068799082164,0.05210687990821619
24,exp2,4.65,0.01574148899739514,339.9,0.5767866261482806,0.07678662614828034
25,exp2,6.2,0.015386213751843089,339.9,0.6009095757831803,0.1009095757831802
26,exp2,7.75,0.015038835247656984,339.9,0.6244879687620332,0.12448796876203298
27,exp2,9.3,0.014699353484836825,339.9,0.6475340450339561,0.14753404503395592
28,exp2,10.85,0.014367768463382613,339.9,0.6700600445480662,0.1700600445480662
29,exp2,12.4,0.014044080183294352,339.9,0.6920782072534813,0.19207820725348113
30,exp2,13.950000000000001,0.013728288644572033,339.9,0.7136007730993176,0.21360077309931774
31,exp2,15.5,0.013420393847215663,339.9,0.7346399820346936,0.2346399820346935
32,exp2,17.05,0.013120395791225242,339.9,0.7552080740087255,0.2552080740087254
33,exp2,18.6,0.012828294476600763,339.9,0.7753172889705309,0.2753172889705308
34,exp2,20.150000000000002,0.012544089903342232,339.9,0.794979866869227,0.29497986686922684
35,exp2,21.7,0.012267782071449648,339.9,0.8142080476539308,0.31420804765393073
36,exp2,23.25,0.011999370980923012,339.9,0.8330140712737599,0.3330140712737598
37,exp2,24.8,0.011738856631762322,339.9,0.8514101776778311,0.3514101776778312
38,exp2,26.35,0.011486239023967578,339.9,0.869408606815262,0.3694086068152621
39,exp2,27.900000000000002,0.011241518157538783,339.9,0.8870215986351697,0.3870215986351698
40,exp2,29.45,0.011004694032475934,339.9,0.9042613930866713,0.4042613930866714
41,exp2,31.0,0.010775766648779031,339.9,0.9211402301188841,0.42114023011888424
42,exp3,0.0,0.01685469518224727,339.9,0.5010280378161256,0.0010280378161255561
43,exp3,1.55,0.01647572971259729,339.9,0.5268580971138703,0.026858097113870324
44,exp3,3.1,0.01610466098431327,339.9,0.5521068799082163,0.05210687990821623
45,exp3,4.65,0.015741488997395206,339.9,0.5767866261482807,0.07678662614828054
46,exp3,6.2,0.015386213751843097,339.9,0.6009095757831805,0.10090957578318045
47,exp3,7.75,0.015038835247656947,339.9,0.6244879687620334,0.1244879687620332
48,exp3,9.3,0.014699353484836752,339.9,0.6475340450339562,0.14753404503395606
49,exp3,10.85,0.014367768463382514,339.9,0.6700600445480662,0.1700600445480662
50,exp3,12.4,0.014044080183294236,339.9,0.6920782072534811,0.19207820725348096
51,exp3,13.950000000000001,0.013728288644571911,339.9,0.7136007730993174,0.2136007730993174
52,exp3,15.5,0.013420393847215547,339.9,0.734639982034693,0.23463998203469294
53,exp3,17.05,0.013120395791225137,339.9,0.7552080740087248,0.25520807400872475
54,exp3,18.6,0.012828294476600685,339.9,0.77531728897053,0.27531728897053
55,exp3,20.150000000000002,0.012544089903342187,339.9,0.794979866869226,0.29497986686922595
56,exp3,21.7,0.01226778207144965,339.9,0.8142080476539297,0.3142080476539298
57,exp3,23.25,0.011999370980923069,339.9,0.8330140712737588,0.3330140712737589
58,exp3,24.8,0.011738856631762443,339.9,0.8514101776778302,0.35141017767783034
59,exp3,26.35,0.011486239023967774,339.9,0.8694086068152614,0.36940860681526155
60,exp3,27.900000000000002,0.011241518157539064,339.9,0.8870215986351695,0.3870215986351696
61,exp3,29.45,0.011004694032476312,339.9,0.9042613930866716,0.4042613930866717
62,exp3,31.0,0.010775766648779514,339.9,0.9211402301188851,0.42114023011888524
63,exp4,0.0,0.01685469518224798,339.9,0.5010280378161255,0.0010280378161253523
64,exp4,1.55,0.016475729712597843,339.9,0.5268580971138712,0.026858097113871087
65,exp4,3.1,0.016104660984313676,339.9,0.5521068799082177,0.052106879908217746
66,exp4,4.65,0.015741488997395484,339.9,0.5767866261482827,0.07678662614828258
67,exp4,6.2,0.01538621375184326,339.9,0.6009095757831828,0.10090957578318281
68,exp4,7.75,0.015038835247657006,339.9,0.6244879687620358,0.12448796876203574
69,exp4,9.3,0.014699353484836725,339.9,0.6475340450339586,0.14753404503395862
70,exp4,10.85,0.01436776846338241,339.9,0.6700600445480686,0.17006004454806867
71,exp4,12.4,0.014044080183294073,339.9,0.6920782072534833,0.1920782072534832
72,exp4,13.950000000000001,0.0137282886445717,339.9,0.7136007730993191,0.21360077309931935
73,exp4,15.5,0.013420393847215304,339.9,0.7346399820346946,0.23463998203469455
74,exp4,17.05,0.013120395791224877,339.9,0.7552080740087259,0.2552080740087259
75,exp4,18.6,0.012828294476600418,339.9,0.7753172889705308,0.27531728897053076
76,exp4,20.150000000000002,0.012544089903341934,339.9,0.7949798668692264,0.29497986686922634
77,exp4,21.7,0.012267782071449417,339.9,0.8142080476539297,0.31420804765392973
78,exp4,23.25,0.011999370980922873,339.9,0.8330140712737586,0.3330140712737586
79,exp4,24.8,0.011738856631762298,339.9,0.8514101776778297,0.3514101776778298
80,exp4,26.35,0.011486239023967695,339.9,0.8694086068152607,0.3694086068152607
81,exp4,27.900000000000002,0.011241518157539062,339.9,0.8870215986351686,0.3870215986351687
82,exp4,29.45,0.011004694032476404,339.9,0.9042613930866708,0.404261393086671
83,exp4,31.0,0.010775766648779713,339.9,0.9211402301188846,0.4211402301188847
84,exp5,0.0,0.01714705318386078,339.9,0.5013187530271608,0.0013187530271606062
85,exp5,1.55,0.016692494967297748,339.9,0.5275422708418444,0.027542270841844275
86,exp5,3.1,0.016254442576263933,339.9,0.5530740154356404,0.05307401543564039
87,exp5,4.65,0.01583289601075934,339.9,0.5779395708381194,0.07793957083811925
88,exp5,6.2,0.015427855270783965,339.9,0.6021645210788512,0.10216452107885111
89,exp5,7.75,0.015039320356337807,339.9,0.6257744501874064,0.1257744501874063
90,exp5,9.3,0.014667291267420866,339.9,0.6487949421933551,0.14879494219335507
91,exp5,10.85,0.014311768004033146,339.9,0.6712515811262677,0.17125158112626773
92,exp5,12.4,0.013972750566174644,339.9,0.6931699510157148,0.1931699510157146
93,exp5,13.950000000000001,0.013650238953845359,339.9,0.7145756358912658,0.21457563589126585
94,exp5,15.5,0.013344233167045295,339.9,0.7354942197824921,0.23549421978249196
95,exp5,17.05,0.01305473320577445,339.9,0.7559512867189632,0.25595128671896306
96,exp5,18.6,0.01278173907003282,339.9,0.7759724207302495,0.2759724207302496
97,exp5,20.150000000000002,0.012525250759820411,339.9,0.7955832058459217,0.2955832058459216
98,exp5,21.7,0.01228526827513722,339.9,0.8148092260955495,0.31480922609554957
99,exp5,23.25,0.012061791615983248,339.9,0.8336760655087038,0.33367606550870377
100,exp5,24.8,0.011854820782358493,339.9,0.8522093081149543,0.3522093081149544
101,exp5,26.35,0.011664355774262957,339.9,0.8704345379438717,0.3704345379438718
102,exp5,27.900000000000002,0.01149039659169664,339.9,0.8883773390250262,0.38837733902502636
103,exp5,29.45,0.011332943234659543,339.9,0.9060632953879881,0.4060632953879882
104,exp5,31.0,0.011191995703151662,339.9,0.9235179910623277,0.4235179910623277
105,exp6,0.0,0.017147053183860922,339.9,0.5013187530271613,0.0013187530271614003
106,exp6,1.55,0.016692494967297817,339.9,0.5275422708418452,0.02754227084184523
107,exp6,3.1,0.016254442576263937,339.9,0.5530740154356415,0.0530740154356414
108,exp6,4.65,0.01583289601075929,339.9,0.5779395708381203,0.07793957083812021
109,exp6,6.2,0.015427855270783868,339.9,0.6021645210788521,0.10216452107885197
110,exp6,7.75,0.015039320356337676,339.9,0.6257744501874072,0.12577445018740696
111,exp6,9.3,0.014667291267420715,339.9,0.6487949421933558,0.14879494219335554
112,exp6,10.85,0.01431176800403298,339.9,0.671251581126268,0.17125158112626793
113,exp6,12.4,0.013972750566174478,339.9,0.6931699510157149,0.19316995101571457
114,exp6,13.950000000000001,0.0136502389538452,339.9,0.7145756358912655,0.21457563589126558
115,exp6,15.5,0.013344233167045154,339.9,0.7354942197824916,0.23549421978249147
116,exp6,17.05,0.013054733205774337,339.9,0.7559512867189625,0.2559512867189624
117,exp6,18.6,0.012781739070032747,339.9,0.7759724207302487,0.27597242073024864
118,exp6,20.150000000000002,0.012525250759820389,339.9,0.7955832058459207,0.2955832058459207
119,exp6,21.7,0.012285268275137255,339.9,0.8148092260955486,0.3148092260955486
120,exp6,23.25,0.012061791615983353,339.9,0.833676065508703,0.33367606550870293
121,exp6,24.8,0.01185482078235868,339.9,0.8522093081149537,0.35220930811495377
122,exp6,26.35,0.011664355774263235,339.9,0.8704345379438714,0.37043453794387154
123,exp6,27.900000000000002,0.011490396591697018,339.9,0.8883773390250265,0.3883773390250266
124,exp6,29.45,0.011332943234660033,339.9,0.906063295387989,0.4060632953879891
125,exp6,31.0,0.011191995703152274,339.9,0.9235179910623295,0.42351799106232946
126,exp7,0.0,0.016254170158615838,339.9,0.5012571700723294,0.0012571700723291246
127,exp7,1.55,0.015938451046378484,339.9,0.526205922954631,0.026205922954630964
128,exp7,3.1,0.015626823946286318,339.9,0.5506684825223774,0.050668482522377434
129,exp7,4.65,0.015319288858339348,339.9,0.5746511913943936,0.07465119139439358
130,exp7,6.2,0.015015845782537568,339.9,0.5981603921895043,0.09816039218950443
131,exp7,7.75,0.014716494718880976,339.9,0.6212024275265351,0.12120242752653505
132,exp7,9.3,0.014421235667369576,339.9,0.6437836400243103,0.14378364002431043
133,exp7,10.85,0.014130068628003365,339.9,0.6659103723016555,0.1659103723016557
134,exp7,12.4,0.01384299360078235,339.9,0.6875889669773959,0.18758896697739594
135,exp7,13.950000000000001,0.013560010585706519,339.9,0.7088257666703558,0.208825766670356
136,exp7,15.5,0.013281119582775882,339.9,0.7296271139993611,0.22962711399936114
137,exp7,17.05,0.013006320591990436,339.9,0.7499993515832362,0.24999935158323627
138,exp7,18.6,0.012735613613350181,339.9,0.7699488220408065,0.2699488220408065
139,exp7,20.150000000000002,0.012468998646855117,339.9,0.7894818679908969,0.28948186799089687
140,exp7,21.7,0.012206475692505242,339.9,0.8086048320523322,0.30860483205233236
141,exp7,23.25,0.01194804475030056,339.9,0.8273240568439382,0.32732405684393817
142,exp7,24.8,0.011693705820241065,339.9,0.845645884984539,0.3456458849845391
143,exp7,26.35,0.011443458902326762,339.9,0.8635766590929603,0.36357665909296044
144,exp7,27.900000000000002,0.011197303996557653,339.9,0.881122721788027,0.3811227217880271
145,exp7,29.45,0.010955241102933732,339.9,0.898290415688564,0.39829041568856416
146,exp7,31.0,0.010717270221455003,339.9,0.9150860834133966,0.4150860834133967
147,exp8,0.0,0.01705778682038595,339.9,0.5013270306511209,0.0013270306511207776
148,exp8,1.55,0.01655077506930141,339.9,0.527370154129606,0.027370154129605837
149,exp8,3.1,0.01607095288742441,339.9,0.5526484813100456,0.05264848131004571
150,exp8,4.65,0.015618320274754967,339.9,0.5772041560247123,0.0772041560247121
151,exp8,6.2,0.015192877231293067,339.9,0.6010793221058766,0.10107932210587668
152,exp8,7.75,0.014794623757038711,339.9,0.6243161233858111,0.12431612338581116
153,exp8,9.3,0.014423559851991903,339.9,0.6469567036967871,0.14695670369678726
154,exp8,10.85,0.014079685516152641,339.9,0.6690432068710765,0.1690432068710766
155,exp8,12.4,0.013763000749520929,339.9,0.690617776740951,0.19061777674095104
156,exp8,13.950000000000001,0.01347350555209676,339.9,0.7117225571386818,0.21172255713868204
157,exp8,15.5,0.01321119992388014,339.9,0.7323996918965414,0.23239969189654158
158,exp8,17.05,0.012976083864871063,339.9,0.7526913248468009,0.2526913248468011
159,exp8,18.6,0.012768157375069537,339.9,0.7726395998217322,0.2726395998217324
160,exp8,20.150000000000002,0.012587420454475555,339.9,0.7922866606536072,0.29228666065360726
161,exp8,21.7,0.012433873103089119,339.9,0.8116746511746971,0.31167465117469717
162,exp8,23.25,0.01230751532091023,339.9,0.8308457152172739,0.3308457152172741
163,exp8,24.8,0.012208347107938888,339.9,0.8498419966136093,0.3498419966136095
164,exp8,26.35,0.012136368464175092,339.9,0.868705639195975,0.36870563919597515
165,exp8,27.900000000000002,0.012091579389618842,339.9,0.8874787867966426,0.3874787867966428
166,exp8,29.45,0.012073979884270142,339.9,0.906203583247884,0.40620358324788414
167,exp8,31.0,0.012083569948128986,339.9,0.9249221723819707,0.42492217238197083
168,exp9,0.0,0.016254170158615616,339.9,0.5012571700723285,0.001257170072328302
169,exp9,1.55,0.015938451046378317,339.9,0.5262059229546299,0.026205922954629843
170,exp9,3.1,0.0156268239462862,339.9,0.5506684825223761,0.05066848252237609
171,exp9,4.65,0.015319288858339278,339.9,0.5746511913943922,0.0746511913943921
172,exp9,6.2,0.015015845782537538,339.9,0.5981603921895029,0.09816039218950286
173,exp9,7.75,0.014716494718880986,339.9,0.6212024275265335,0.12120242752653347
174,exp9,9.3,0.014421235667369619,339.9,0.6437836400243088,0.14378364002430893
175,exp9,10.85,0.01413006862800344,339.9,0.6659103723016541,0.16591037230165429
176,exp9,12.4,0.013842993600782453,339.9,0.6875889669773947,0.18758896697739463
177,exp9,13.950000000000001,0.013560010585706642,339.9,0.7088257666703546,0.20882576667035485
178,exp9,15.5,0.013281119582776026,339.9,0.7296271139993602,0.22962711399936023
179,exp9,17.05,0.013006320591990595,339.9,0.7499993515832356,0.2499993515832356
180,exp9,18.6,0.01273561361335035,339.9,0.769948822040806,0.2699488220408061
181,exp9,20.150000000000002,0.012468998646855294,339.9,0.7894818679908967,0.28948186799089676
182,exp9,21.7,0.012206475692505422,339.9,0.8086048320523324,0.30860483205233247
183,exp9,23.25,0.01194804475030074,339.9,0.8273240568439384,0.32732405684393856
184,exp9,24.8,0.011693705820241242,339.9,0.8456458849845396,0.34564588498453974
185,exp9,26.35,0.01144345890232693,339.9,0.8635766590929612,0.3635766590929614
186,exp9,27.900000000000002,0.011197303996557807,339.9,0.8811227217880282,0.3811227217880283
187,exp9,29.45,0.01095524110293387,339.9,0.8982904156885654,0.3982904156885656
188,exp9,31.0,0.01071727022145512,339.9,0.9150860834133983,0.4150860834133983
