,process,discrete_steps
0,DoE1_R1_aug_01,0.0
1,DoE1_R1_aug_01,0.0
2,DoE1_R1_aug_01,0.0
3,DoE1_R1_aug_01,0.0
4,DoE1_R1_aug_01,2.035277777777779
5,DoE1_R1_aug_01,4.052777777777777
6,DoE1_R1_aug_01,6.144444444444446
7,DoE1_R1_aug_01,8.169722222222223
8,DoE1_R1_aug_01,9.219444444444443
9,DoE1_R1_aug_01,10.219444444444452
10,DoE1_R1_aug_01,10.386388888888892
11,DoE1_R1_aug_01,11.719722222222227
0,DoE1_R1_aug_02,0.0
1,DoE1_R1_aug_02,0.0
2,DoE1_R1_aug_02,0.0
3,DoE1_R1_aug_02,0.0
4,DoE1_R1_aug_02,2.035277777777779
5,DoE1_R1_aug_02,4.052777777777777
6,DoE1_R1_aug_02,6.144444444444446
7,DoE1_R1_aug_02,8.169722222222223
8,DoE1_R1_aug_02,9.219444444444443
9,DoE1_R1_aug_02,10.219444444444452
10,DoE1_R1_aug_02,10.386388888888892
11,DoE1_R1_aug_02,11.719722222222227
0,DoE1_R1_aug_03,0.0
1,DoE1_R1_aug_03,0.0
2,DoE1_R1_aug_03,0.0
3,DoE1_R1_aug_03,0.0
4,DoE1_R1_aug_03,2.035277777777779
5,DoE1_R1_aug_03,4.052777777777777
6,DoE1_R1_aug_03,6.144444444444446
7,DoE1_R1_aug_03,8.169722222222223
8,DoE1_R1_aug_03,9.219444444444443
9,DoE1_R1_aug_03,10.219444444444452
10,DoE1_R1_aug_03,10.386388888888892
11,DoE1_R1_aug_03,11.719722222222227
0,DoE1_R1_aug_04,0.0
1,DoE1_R1_aug_04,0.0
2,DoE1_R1_aug_04,0.0
3,DoE1_R1_aug_04,0.0
4,DoE1_R1_aug_04,2.035277777777779
5,DoE1_R1_aug_04,4.052777777777777
6,DoE1_R1_aug_04,6.144444444444446
7,DoE1_R1_aug_04,8.169722222222223
8,DoE1_R1_aug_04,9.219444444444443
9,DoE1_R1_aug_04,10.219444444444452
10,DoE1_R1_aug_04,10.386388888888892
11,DoE1_R1_aug_04,11.719722222222227
0,DoE1_R1_aug_05,0.0
1,DoE1_R1_aug_05,0.0
2,DoE1_R1_aug_05,0.0
3,DoE1_R1_aug_05,0.0
4,DoE1_R1_aug_05,2.035277777777779
5,DoE1_R1_aug_05,4.052777777777777
6,DoE1_R1_aug_05,6.144444444444446
7,DoE1_R1_aug_05,8.169722222222223
8,DoE1_R1_aug_05,9.219444444444443
9,DoE1_R1_aug_05,10.219444444444452
10,DoE1_R1_aug_05,10.386388888888892
11,DoE1_R1_aug_05,11.719722222222227
0,DoE1_R1_aug_06,0.0
1,DoE1_R1_aug_06,0.0
2,DoE1_R1_aug_06,0.0
3,DoE1_R1_aug_06,0.0
4,DoE1_R1_aug_06,2.035277777777779
5,DoE1_R1_aug_06,4.052777777777777
6,DoE1_R1_aug_06,6.144444444444446
7,DoE1_R1_aug_06,8.169722222222223
8,DoE1_R1_aug_06,9.219444444444443
9,DoE1_R1_aug_06,10.219444444444452
10,DoE1_R1_aug_06,10.386388888888892
11,DoE1_R1_aug_06,11.719722222222227
0,DoE1_R1_aug_07,0.0
1,DoE1_R1_aug_07,0.0
2,DoE1_R1_aug_07,0.0
3,DoE1_R1_aug_07,0.0
4,DoE1_R1_aug_07,2.035277777777779
5,DoE1_R1_aug_07,4.052777777777777
6,DoE1_R1_aug_07,6.144444444444446
7,DoE1_R1_aug_07,8.169722222222223
8,DoE1_R1_aug_07,9.219444444444443
9,DoE1_R1_aug_07,10.219444444444452
10,DoE1_R1_aug_07,10.386388888888892
11,DoE1_R1_aug_07,11.719722222222227
0,DoE1_R1_aug_08,0.0
1,DoE1_R1_aug_08,0.0
2,DoE1_R1_aug_08,0.0
3,DoE1_R1_aug_08,0.0
4,DoE1_R1_aug_08,2.035277777777779
5,DoE1_R1_aug_08,4.052777777777777
6,DoE1_R1_aug_08,6.144444444444446
7,DoE1_R1_aug_08,8.169722222222223
8,DoE1_R1_aug_08,9.219444444444443
9,DoE1_R1_aug_08,10.219444444444452
10,DoE1_R1_aug_08,10.386388888888892
11,DoE1_R1_aug_08,11.719722222222227
0,DoE1_R1_aug_09,0.0
1,DoE1_R1_aug_09,0.0
2,DoE1_R1_aug_09,0.0
3,DoE1_R1_aug_09,0.0
4,DoE1_R1_aug_09,2.035277777777779
5,DoE1_R1_aug_09,4.052777777777777
6,DoE1_R1_aug_09,6.144444444444446
7,DoE1_R1_aug_09,8.169722222222223
8,DoE1_R1_aug_09,9.219444444444443
9,DoE1_R1_aug_09,10.219444444444452
10,DoE1_R1_aug_09,10.386388888888892
11,DoE1_R1_aug_09,11.719722222222227
0,DoE1_R1_aug_10,0.0
1,DoE1_R1_aug_10,0.0
2,DoE1_R1_aug_10,0.0
3,DoE1_R1_aug_10,0.0
4,DoE1_R1_aug_10,2.035277777777779
5,DoE1_R1_aug_10,4.052777777777777
6,DoE1_R1_aug_10,6.144444444444446
7,DoE1_R1_aug_10,8.169722222222223
8,DoE1_R1_aug_10,9.219444444444443
9,DoE1_R1_aug_10,10.219444444444452
10,DoE1_R1_aug_10,10.386388888888892
11,DoE1_R1_aug_10,11.719722222222227
0,DoE1_R1_aug_11,0.0
1,DoE1_R1_aug_11,0.0
2,DoE1_R1_aug_11,0.0
3,DoE1_R1_aug_11,0.0
4,DoE1_R1_aug_11,2.035277777777779
5,DoE1_R1_aug_11,4.052777777777777
6,DoE1_R1_aug_11,6.144444444444446
7,DoE1_R1_aug_11,8.169722222222223
8,DoE1_R1_aug_11,9.219444444444443
9,DoE1_R1_aug_11,10.219444444444452
10,DoE1_R1_aug_11,10.386388888888892
11,DoE1_R1_aug_11,11.719722222222227
0,DoE1_R1_aug_12,0.0
1,DoE1_R1_aug_12,0.0
2,DoE1_R1_aug_12,0.0
3,DoE1_R1_aug_12,0.0
4,DoE1_R1_aug_12,2.035277777777779
5,DoE1_R1_aug_12,4.052777777777777
6,DoE1_R1_aug_12,6.144444444444446
7,DoE1_R1_aug_12,8.169722222222223
8,DoE1_R1_aug_12,9.219444444444443
9,DoE1_R1_aug_12,10.219444444444452
10,DoE1_R1_aug_12,10.386388888888892
11,DoE1_R1_aug_12,11.719722222222227
0,DoE1_R1_aug_13,0.0
1,DoE1_R1_aug_13,0.0
2,DoE1_R1_aug_13,0.0
3,DoE1_R1_aug_13,0.0
4,DoE1_R1_aug_13,2.035277777777779
5,DoE1_R1_aug_13,4.052777777777777
6,DoE1_R1_aug_13,6.144444444444446
7,DoE1_R1_aug_13,8.169722222222223
8,DoE1_R1_aug_13,9.219444444444443
9,DoE1_R1_aug_13,10.219444444444452
10,DoE1_R1_aug_13,10.386388888888892
11,DoE1_R1_aug_13,11.719722222222227
0,DoE1_R1_aug_14,0.0
1,DoE1_R1_aug_14,0.0
2,DoE1_R1_aug_14,0.0
3,DoE1_R1_aug_14,0.0
4,DoE1_R1_aug_14,2.035277777777779
5,DoE1_R1_aug_14,4.052777777777777
6,DoE1_R1_aug_14,6.144444444444446
7,DoE1_R1_aug_14,8.169722222222223
8,DoE1_R1_aug_14,9.219444444444443
9,DoE1_R1_aug_14,10.219444444444452
10,DoE1_R1_aug_14,10.386388888888892
11,DoE1_R1_aug_14,11.719722222222227
0,DoE1_R1_aug_15,0.0
1,DoE1_R1_aug_15,0.0
2,DoE1_R1_aug_15,0.0
3,DoE1_R1_aug_15,0.0
4,DoE1_R1_aug_15,2.035277777777779
5,DoE1_R1_aug_15,4.052777777777777
6,DoE1_R1_aug_15,6.144444444444446
7,DoE1_R1_aug_15,8.169722222222223
8,DoE1_R1_aug_15,9.219444444444443
9,DoE1_R1_aug_15,10.219444444444452
10,DoE1_R1_aug_15,10.386388888888892
11,DoE1_R1_aug_15,11.719722222222227
12,DoE1_R2_aug_01,0.0
13,DoE1_R2_aug_01,0.0
14,DoE1_R2_aug_01,0.0
15,DoE1_R2_aug_01,0.0
16,DoE1_R2_aug_01,0.0
17,DoE1_R2_aug_01,0.0
18,DoE1_R2_aug_01,0.0
19,DoE1_R2_aug_01,2.1283333333333374
20,DoE1_R2_aug_01,4.145833333333336
21,DoE1_R2_aug_01,6.179166666666667
22,DoE1_R2_aug_01,8.212500000000006
23,DoE1_R2_aug_01,10.245833333333335
12,DoE1_R2_aug_02,0.0
13,DoE1_R2_aug_02,0.0
14,DoE1_R2_aug_02,0.0
15,DoE1_R2_aug_02,0.0
16,DoE1_R2_aug_02,0.0
17,DoE1_R2_aug_02,0.0
18,DoE1_R2_aug_02,0.0
19,DoE1_R2_aug_02,2.1283333333333374
20,DoE1_R2_aug_02,4.145833333333336
21,DoE1_R2_aug_02,6.179166666666667
22,DoE1_R2_aug_02,8.212500000000006
23,DoE1_R2_aug_02,10.245833333333335
12,DoE1_R2_aug_03,0.0
13,DoE1_R2_aug_03,0.0
14,DoE1_R2_aug_03,0.0
15,DoE1_R2_aug_03,0.0
16,DoE1_R2_aug_03,0.0
17,DoE1_R2_aug_03,0.0
18,DoE1_R2_aug_03,0.0
19,DoE1_R2_aug_03,2.1283333333333374
20,DoE1_R2_aug_03,4.145833333333336
21,DoE1_R2_aug_03,6.179166666666667
22,DoE1_R2_aug_03,8.212500000000006
23,DoE1_R2_aug_03,10.245833333333335
12,DoE1_R2_aug_04,0.0
13,DoE1_R2_aug_04,0.0
14,DoE1_R2_aug_04,0.0
15,DoE1_R2_aug_04,0.0
16,DoE1_R2_aug_04,0.0
17,DoE1_R2_aug_04,0.0
18,DoE1_R2_aug_04,0.0
19,DoE1_R2_aug_04,2.1283333333333374
20,DoE1_R2_aug_04,4.145833333333336
21,DoE1_R2_aug_04,6.179166666666667
22,DoE1_R2_aug_04,8.212500000000006
23,DoE1_R2_aug_04,10.245833333333335
12,DoE1_R2_aug_05,0.0
13,DoE1_R2_aug_05,0.0
14,DoE1_R2_aug_05,0.0
15,DoE1_R2_aug_05,0.0
16,DoE1_R2_aug_05,0.0
17,DoE1_R2_aug_05,0.0
18,DoE1_R2_aug_05,0.0
19,DoE1_R2_aug_05,2.1283333333333374
20,DoE1_R2_aug_05,4.145833333333336
21,DoE1_R2_aug_05,6.179166666666667
22,DoE1_R2_aug_05,8.212500000000006
23,DoE1_R2_aug_05,10.245833333333335
12,DoE1_R2_aug_06,0.0
13,DoE1_R2_aug_06,0.0
14,DoE1_R2_aug_06,0.0
15,DoE1_R2_aug_06,0.0
16,DoE1_R2_aug_06,0.0
17,DoE1_R2_aug_06,0.0
18,DoE1_R2_aug_06,0.0
19,DoE1_R2_aug_06,2.1283333333333374
20,DoE1_R2_aug_06,4.145833333333336
21,DoE1_R2_aug_06,6.179166666666667
22,DoE1_R2_aug_06,8.212500000000006
23,DoE1_R2_aug_06,10.245833333333335
12,DoE1_R2_aug_07,0.0
13,DoE1_R2_aug_07,0.0
14,DoE1_R2_aug_07,0.0
15,DoE1_R2_aug_07,0.0
16,DoE1_R2_aug_07,0.0
17,DoE1_R2_aug_07,0.0
18,DoE1_R2_aug_07,0.0
19,DoE1_R2_aug_07,2.1283333333333374
20,DoE1_R2_aug_07,4.145833333333336
21,DoE1_R2_aug_07,6.179166666666667
22,DoE1_R2_aug_07,8.212500000000006
23,DoE1_R2_aug_07,10.245833333333335
12,DoE1_R2_aug_08,0.0
13,DoE1_R2_aug_08,0.0
14,DoE1_R2_aug_08,0.0
15,DoE1_R2_aug_08,0.0
16,DoE1_R2_aug_08,0.0
17,DoE1_R2_aug_08,0.0
18,DoE1_R2_aug_08,0.0
19,DoE1_R2_aug_08,2.1283333333333374
20,DoE1_R2_aug_08,4.145833333333336
21,DoE1_R2_aug_08,6.179166666666667
22,DoE1_R2_aug_08,8.212500000000006
23,DoE1_R2_aug_08,10.245833333333335
12,DoE1_R2_aug_09,0.0
13,DoE1_R2_aug_09,0.0
14,DoE1_R2_aug_09,0.0
15,DoE1_R2_aug_09,0.0
16,DoE1_R2_aug_09,0.0
17,DoE1_R2_aug_09,0.0
18,DoE1_R2_aug_09,0.0
19,DoE1_R2_aug_09,2.1283333333333374
20,DoE1_R2_aug_09,4.145833333333336
21,DoE1_R2_aug_09,6.179166666666667
22,DoE1_R2_aug_09,8.212500000000006
23,DoE1_R2_aug_09,10.245833333333335
12,DoE1_R2_aug_10,0.0
13,DoE1_R2_aug_10,0.0
14,DoE1_R2_aug_10,0.0
15,DoE1_R2_aug_10,0.0
16,DoE1_R2_aug_10,0.0
17,DoE1_R2_aug_10,0.0
18,DoE1_R2_aug_10,0.0
19,DoE1_R2_aug_10,2.1283333333333374
20,DoE1_R2_aug_10,4.145833333333336
21,DoE1_R2_aug_10,6.179166666666667
22,DoE1_R2_aug_10,8.212500000000006
23,DoE1_R2_aug_10,10.245833333333335
12,DoE1_R2_aug_11,0.0
13,DoE1_R2_aug_11,0.0
14,DoE1_R2_aug_11,0.0
15,DoE1_R2_aug_11,0.0
16,DoE1_R2_aug_11,0.0
17,DoE1_R2_aug_11,0.0
18,DoE1_R2_aug_11,0.0
19,DoE1_R2_aug_11,2.1283333333333374
20,DoE1_R2_aug_11,4.145833333333336
21,DoE1_R2_aug_11,6.179166666666667
22,DoE1_R2_aug_11,8.212500000000006
23,DoE1_R2_aug_11,10.245833333333335
12,DoE1_R2_aug_12,0.0
13,DoE1_R2_aug_12,0.0
14,DoE1_R2_aug_12,0.0
15,DoE1_R2_aug_12,0.0
16,DoE1_R2_aug_12,0.0
17,DoE1_R2_aug_12,0.0
18,DoE1_R2_aug_12,0.0
19,DoE1_R2_aug_12,2.1283333333333374
20,DoE1_R2_aug_12,4.145833333333336
21,DoE1_R2_aug_12,6.179166666666667
22,DoE1_R2_aug_12,8.212500000000006
23,DoE1_R2_aug_12,10.245833333333335
12,DoE1_R2_aug_13,0.0
13,DoE1_R2_aug_13,0.0
14,DoE1_R2_aug_13,0.0
15,DoE1_R2_aug_13,0.0
16,DoE1_R2_aug_13,0.0
17,DoE1_R2_aug_13,0.0
18,DoE1_R2_aug_13,0.0
19,DoE1_R2_aug_13,2.1283333333333374
20,DoE1_R2_aug_13,4.145833333333336
21,DoE1_R2_aug_13,6.179166666666667
22,DoE1_R2_aug_13,8.212500000000006
23,DoE1_R2_aug_13,10.245833333333335
12,DoE1_R2_aug_14,0.0
13,DoE1_R2_aug_14,0.0
14,DoE1_R2_aug_14,0.0
15,DoE1_R2_aug_14,0.0
16,DoE1_R2_aug_14,0.0
17,DoE1_R2_aug_14,0.0
18,DoE1_R2_aug_14,0.0
19,DoE1_R2_aug_14,2.1283333333333374
20,DoE1_R2_aug_14,4.145833333333336
21,DoE1_R2_aug_14,6.179166666666667
22,DoE1_R2_aug_14,8.212500000000006
23,DoE1_R2_aug_14,10.245833333333335
12,DoE1_R2_aug_15,0.0
13,DoE1_R2_aug_15,0.0
14,DoE1_R2_aug_15,0.0
15,DoE1_R2_aug_15,0.0
16,DoE1_R2_aug_15,0.0
17,DoE1_R2_aug_15,0.0
18,DoE1_R2_aug_15,0.0
19,DoE1_R2_aug_15,2.1283333333333374
20,DoE1_R2_aug_15,4.145833333333336
21,DoE1_R2_aug_15,6.179166666666667
22,DoE1_R2_aug_15,8.212500000000006
23,DoE1_R2_aug_15,10.245833333333335
24,DoE1_R3_aug_01,0.0
25,DoE1_R3_aug_01,0.0
26,DoE1_R3_aug_01,0.0
27,DoE1_R3_aug_01,0.0
28,DoE1_R3_aug_01,0.0
29,DoE1_R3_aug_01,0.0
30,DoE1_R3_aug_01,0.0
31,DoE1_R3_aug_01,2.2694444444444457
32,DoE1_R3_aug_01,4.287222222222223
33,DoE1_R3_aug_01,6.320555555555558
34,DoE1_R3_aug_01,8.32888888888889
35,DoE1_R3_aug_01,10.345555555555553
24,DoE1_R3_aug_02,0.0
25,DoE1_R3_aug_02,0.0
26,DoE1_R3_aug_02,0.0
27,DoE1_R3_aug_02,0.0
28,DoE1_R3_aug_02,0.0
29,DoE1_R3_aug_02,0.0
30,DoE1_R3_aug_02,0.0
31,DoE1_R3_aug_02,2.2694444444444457
32,DoE1_R3_aug_02,4.287222222222223
33,DoE1_R3_aug_02,6.320555555555558
34,DoE1_R3_aug_02,8.32888888888889
35,DoE1_R3_aug_02,10.345555555555553
24,DoE1_R3_aug_03,0.0
25,DoE1_R3_aug_03,0.0
26,DoE1_R3_aug_03,0.0
27,DoE1_R3_aug_03,0.0
28,DoE1_R3_aug_03,0.0
29,DoE1_R3_aug_03,0.0
30,DoE1_R3_aug_03,0.0
31,DoE1_R3_aug_03,2.2694444444444457
32,DoE1_R3_aug_03,4.287222222222223
33,DoE1_R3_aug_03,6.320555555555558
34,DoE1_R3_aug_03,8.32888888888889
35,DoE1_R3_aug_03,10.345555555555553
24,DoE1_R3_aug_04,0.0
25,DoE1_R3_aug_04,0.0
26,DoE1_R3_aug_04,0.0
27,DoE1_R3_aug_04,0.0
28,DoE1_R3_aug_04,0.0
29,DoE1_R3_aug_04,0.0
30,DoE1_R3_aug_04,0.0
31,DoE1_R3_aug_04,2.2694444444444457
32,DoE1_R3_aug_04,4.287222222222223
33,DoE1_R3_aug_04,6.320555555555558
34,DoE1_R3_aug_04,8.32888888888889
35,DoE1_R3_aug_04,10.345555555555553
24,DoE1_R3_aug_05,0.0
25,DoE1_R3_aug_05,0.0
26,DoE1_R3_aug_05,0.0
27,DoE1_R3_aug_05,0.0
28,DoE1_R3_aug_05,0.0
29,DoE1_R3_aug_05,0.0
30,DoE1_R3_aug_05,0.0
31,DoE1_R3_aug_05,2.2694444444444457
32,DoE1_R3_aug_05,4.287222222222223
33,DoE1_R3_aug_05,6.320555555555558
34,DoE1_R3_aug_05,8.32888888888889
35,DoE1_R3_aug_05,10.345555555555553
24,DoE1_R3_aug_06,0.0
25,DoE1_R3_aug_06,0.0
26,DoE1_R3_aug_06,0.0
27,DoE1_R3_aug_06,0.0
28,DoE1_R3_aug_06,0.0
29,DoE1_R3_aug_06,0.0
30,DoE1_R3_aug_06,0.0
31,DoE1_R3_aug_06,2.2694444444444457
32,DoE1_R3_aug_06,4.287222222222223
33,DoE1_R3_aug_06,6.320555555555558
34,DoE1_R3_aug_06,8.32888888888889
35,DoE1_R3_aug_06,10.345555555555553
24,DoE1_R3_aug_07,0.0
25,DoE1_R3_aug_07,0.0
26,DoE1_R3_aug_07,0.0
27,DoE1_R3_aug_07,0.0
28,DoE1_R3_aug_07,0.0
29,DoE1_R3_aug_07,0.0
30,DoE1_R3_aug_07,0.0
31,DoE1_R3_aug_07,2.2694444444444457
32,DoE1_R3_aug_07,4.287222222222223
33,DoE1_R3_aug_07,6.320555555555558
34,DoE1_R3_aug_07,8.32888888888889
35,DoE1_R3_aug_07,10.345555555555553
24,DoE1_R3_aug_08,0.0
25,DoE1_R3_aug_08,0.0
26,DoE1_R3_aug_08,0.0
27,DoE1_R3_aug_08,0.0
28,DoE1_R3_aug_08,0.0
29,DoE1_R3_aug_08,0.0
30,DoE1_R3_aug_08,0.0
31,DoE1_R3_aug_08,2.2694444444444457
32,DoE1_R3_aug_08,4.287222222222223
33,DoE1_R3_aug_08,6.320555555555558
34,DoE1_R3_aug_08,8.32888888888889
35,DoE1_R3_aug_08,10.345555555555553
24,DoE1_R3_aug_09,0.0
25,DoE1_R3_aug_09,0.0
26,DoE1_R3_aug_09,0.0
27,DoE1_R3_aug_09,0.0
28,DoE1_R3_aug_09,0.0
29,DoE1_R3_aug_09,0.0
30,DoE1_R3_aug_09,0.0
31,DoE1_R3_aug_09,2.2694444444444457
32,DoE1_R3_aug_09,4.287222222222223
33,DoE1_R3_aug_09,6.320555555555558
34,DoE1_R3_aug_09,8.32888888888889
35,DoE1_R3_aug_09,10.345555555555553
24,DoE1_R3_aug_10,0.0
25,DoE1_R3_aug_10,0.0
26,DoE1_R3_aug_10,0.0
27,DoE1_R3_aug_10,0.0
28,DoE1_R3_aug_10,0.0
29,DoE1_R3_aug_10,0.0
30,DoE1_R3_aug_10,0.0
31,DoE1_R3_aug_10,2.2694444444444457
32,DoE1_R3_aug_10,4.287222222222223
33,DoE1_R3_aug_10,6.320555555555558
34,DoE1_R3_aug_10,8.32888888888889
35,DoE1_R3_aug_10,10.345555555555553
24,DoE1_R3_aug_11,0.0
25,DoE1_R3_aug_11,0.0
26,DoE1_R3_aug_11,0.0
27,DoE1_R3_aug_11,0.0
28,DoE1_R3_aug_11,0.0
29,DoE1_R3_aug_11,0.0
30,DoE1_R3_aug_11,0.0
31,DoE1_R3_aug_11,2.2694444444444457
32,DoE1_R3_aug_11,4.287222222222223
33,DoE1_R3_aug_11,6.320555555555558
34,DoE1_R3_aug_11,8.32888888888889
35,DoE1_R3_aug_11,10.345555555555553
24,DoE1_R3_aug_12,0.0
25,DoE1_R3_aug_12,0.0
26,DoE1_R3_aug_12,0.0
27,DoE1_R3_aug_12,0.0
28,DoE1_R3_aug_12,0.0
29,DoE1_R3_aug_12,0.0
30,DoE1_R3_aug_12,0.0
31,DoE1_R3_aug_12,2.2694444444444457
32,DoE1_R3_aug_12,4.287222222222223
33,DoE1_R3_aug_12,6.320555555555558
34,DoE1_R3_aug_12,8.32888888888889
35,DoE1_R3_aug_12,10.345555555555553
24,DoE1_R3_aug_13,0.0
25,DoE1_R3_aug_13,0.0
26,DoE1_R3_aug_13,0.0
27,DoE1_R3_aug_13,0.0
28,DoE1_R3_aug_13,0.0
29,DoE1_R3_aug_13,0.0
30,DoE1_R3_aug_13,0.0
31,DoE1_R3_aug_13,2.2694444444444457
32,DoE1_R3_aug_13,4.287222222222223
33,DoE1_R3_aug_13,6.320555555555558
34,DoE1_R3_aug_13,8.32888888888889
35,DoE1_R3_aug_13,10.345555555555553
24,DoE1_R3_aug_14,0.0
25,DoE1_R3_aug_14,0.0
26,DoE1_R3_aug_14,0.0
27,DoE1_R3_aug_14,0.0
28,DoE1_R3_aug_14,0.0
29,DoE1_R3_aug_14,0.0
30,DoE1_R3_aug_14,0.0
31,DoE1_R3_aug_14,2.2694444444444457
32,DoE1_R3_aug_14,4.287222222222223
33,DoE1_R3_aug_14,6.320555555555558
34,DoE1_R3_aug_14,8.32888888888889
35,DoE1_R3_aug_14,10.345555555555553
24,DoE1_R3_aug_15,0.0
25,DoE1_R3_aug_15,0.0
26,DoE1_R3_aug_15,0.0
27,DoE1_R3_aug_15,0.0
28,DoE1_R3_aug_15,0.0
29,DoE1_R3_aug_15,0.0
30,DoE1_R3_aug_15,0.0
31,DoE1_R3_aug_15,2.2694444444444457
32,DoE1_R3_aug_15,4.287222222222223
33,DoE1_R3_aug_15,6.320555555555558
34,DoE1_R3_aug_15,8.32888888888889
35,DoE1_R3_aug_15,10.345555555555553
36,DoE1_R4_aug_01,0.0
37,DoE1_R4_aug_01,0.0
38,DoE1_R4_aug_01,0.0
39,DoE1_R4_aug_01,0.0
40,DoE1_R4_aug_01,0.0
41,DoE1_R4_aug_01,0.0
42,DoE1_R4_aug_01,2.2886111111111163
43,DoE1_R4_aug_01,4.265000000000004
44,DoE1_R4_aug_01,6.315000000000005
45,DoE1_R4_aug_01,8.348333333333336
46,DoE1_R4_aug_01,8.406666666666666
47,DoE1_R4_aug_01,10.381666666666668
36,DoE1_R4_aug_02,0.0
37,DoE1_R4_aug_02,0.0
38,DoE1_R4_aug_02,0.0
39,DoE1_R4_aug_02,0.0
40,DoE1_R4_aug_02,0.0
41,DoE1_R4_aug_02,0.0
42,DoE1_R4_aug_02,2.2886111111111163
43,DoE1_R4_aug_02,4.265000000000004
44,DoE1_R4_aug_02,6.315000000000005
45,DoE1_R4_aug_02,8.348333333333336
46,DoE1_R4_aug_02,8.406666666666666
47,DoE1_R4_aug_02,10.381666666666668
36,DoE1_R4_aug_03,0.0
37,DoE1_R4_aug_03,0.0
38,DoE1_R4_aug_03,0.0
39,DoE1_R4_aug_03,0.0
40,DoE1_R4_aug_03,0.0
41,DoE1_R4_aug_03,0.0
42,DoE1_R4_aug_03,2.2886111111111163
43,DoE1_R4_aug_03,4.265000000000004
44,DoE1_R4_aug_03,6.315000000000005
45,DoE1_R4_aug_03,8.348333333333336
46,DoE1_R4_aug_03,8.406666666666666
47,DoE1_R4_aug_03,10.381666666666668
36,DoE1_R4_aug_04,0.0
37,DoE1_R4_aug_04,0.0
38,DoE1_R4_aug_04,0.0
39,DoE1_R4_aug_04,0.0
40,DoE1_R4_aug_04,0.0
41,DoE1_R4_aug_04,0.0
42,DoE1_R4_aug_04,2.2886111111111163
43,DoE1_R4_aug_04,4.265000000000004
44,DoE1_R4_aug_04,6.315000000000005
45,DoE1_R4_aug_04,8.348333333333336
46,DoE1_R4_aug_04,8.406666666666666
47,DoE1_R4_aug_04,10.381666666666668
36,DoE1_R4_aug_05,0.0
37,DoE1_R4_aug_05,0.0
38,DoE1_R4_aug_05,0.0
39,DoE1_R4_aug_05,0.0
40,DoE1_R4_aug_05,0.0
41,DoE1_R4_aug_05,0.0
42,DoE1_R4_aug_05,2.2886111111111163
43,DoE1_R4_aug_05,4.265000000000004
44,DoE1_R4_aug_05,6.315000000000005
45,DoE1_R4_aug_05,8.348333333333336
46,DoE1_R4_aug_05,8.406666666666666
47,DoE1_R4_aug_05,10.381666666666668
36,DoE1_R4_aug_06,0.0
37,DoE1_R4_aug_06,0.0
38,DoE1_R4_aug_06,0.0
39,DoE1_R4_aug_06,0.0
40,DoE1_R4_aug_06,0.0
41,DoE1_R4_aug_06,0.0
42,DoE1_R4_aug_06,2.2886111111111163
43,DoE1_R4_aug_06,4.265000000000004
44,DoE1_R4_aug_06,6.315000000000005
45,DoE1_R4_aug_06,8.348333333333336
46,DoE1_R4_aug_06,8.406666666666666
47,DoE1_R4_aug_06,10.381666666666668
36,DoE1_R4_aug_07,0.0
37,DoE1_R4_aug_07,0.0
38,DoE1_R4_aug_07,0.0
39,DoE1_R4_aug_07,0.0
40,DoE1_R4_aug_07,0.0
41,DoE1_R4_aug_07,0.0
42,DoE1_R4_aug_07,2.2886111111111163
43,DoE1_R4_aug_07,4.265000000000004
44,DoE1_R4_aug_07,6.315000000000005
45,DoE1_R4_aug_07,8.348333333333336
46,DoE1_R4_aug_07,8.406666666666666
47,DoE1_R4_aug_07,10.381666666666668
36,DoE1_R4_aug_08,0.0
37,DoE1_R4_aug_08,0.0
38,DoE1_R4_aug_08,0.0
39,DoE1_R4_aug_08,0.0
40,DoE1_R4_aug_08,0.0
41,DoE1_R4_aug_08,0.0
42,DoE1_R4_aug_08,2.2886111111111163
43,DoE1_R4_aug_08,4.265000000000004
44,DoE1_R4_aug_08,6.315000000000005
45,DoE1_R4_aug_08,8.348333333333336
46,DoE1_R4_aug_08,8.406666666666666
47,DoE1_R4_aug_08,10.381666666666668
36,DoE1_R4_aug_09,0.0
37,DoE1_R4_aug_09,0.0
38,DoE1_R4_aug_09,0.0
39,DoE1_R4_aug_09,0.0
40,DoE1_R4_aug_09,0.0
41,DoE1_R4_aug_09,0.0
42,DoE1_R4_aug_09,2.2886111111111163
43,DoE1_R4_aug_09,4.265000000000004
44,DoE1_R4_aug_09,6.315000000000005
45,DoE1_R4_aug_09,8.348333333333336
46,DoE1_R4_aug_09,8.406666666666666
47,DoE1_R4_aug_09,10.381666666666668
36,DoE1_R4_aug_10,0.0
37,DoE1_R4_aug_10,0.0
38,DoE1_R4_aug_10,0.0
39,DoE1_R4_aug_10,0.0
40,DoE1_R4_aug_10,0.0
41,DoE1_R4_aug_10,0.0
42,DoE1_R4_aug_10,2.2886111111111163
43,DoE1_R4_aug_10,4.265000000000004
44,DoE1_R4_aug_10,6.315000000000005
45,DoE1_R4_aug_10,8.348333333333336
46,DoE1_R4_aug_10,8.406666666666666
47,DoE1_R4_aug_10,10.381666666666668
36,DoE1_R4_aug_11,0.0
37,DoE1_R4_aug_11,0.0
38,DoE1_R4_aug_11,0.0
39,DoE1_R4_aug_11,0.0
40,DoE1_R4_aug_11,0.0
41,DoE1_R4_aug_11,0.0
42,DoE1_R4_aug_11,2.2886111111111163
43,DoE1_R4_aug_11,4.265000000000004
44,DoE1_R4_aug_11,6.315000000000005
45,DoE1_R4_aug_11,8.348333333333336
46,DoE1_R4_aug_11,8.406666666666666
47,DoE1_R4_aug_11,10.381666666666668
36,DoE1_R4_aug_12,0.0
37,DoE1_R4_aug_12,0.0
38,DoE1_R4_aug_12,0.0
39,DoE1_R4_aug_12,0.0
40,DoE1_R4_aug_12,0.0
41,DoE1_R4_aug_12,0.0
42,DoE1_R4_aug_12,2.2886111111111163
43,DoE1_R4_aug_12,4.265000000000004
44,DoE1_R4_aug_12,6.315000000000005
45,DoE1_R4_aug_12,8.348333333333336
46,DoE1_R4_aug_12,8.406666666666666
47,DoE1_R4_aug_12,10.381666666666668
36,DoE1_R4_aug_13,0.0
37,DoE1_R4_aug_13,0.0
38,DoE1_R4_aug_13,0.0
39,DoE1_R4_aug_13,0.0
40,DoE1_R4_aug_13,0.0
41,DoE1_R4_aug_13,0.0
42,DoE1_R4_aug_13,2.2886111111111163
43,DoE1_R4_aug_13,4.265000000000004
44,DoE1_R4_aug_13,6.315000000000005
45,DoE1_R4_aug_13,8.348333333333336
46,DoE1_R4_aug_13,8.406666666666666
47,DoE1_R4_aug_13,10.381666666666668
36,DoE1_R4_aug_14,0.0
37,DoE1_R4_aug_14,0.0
38,DoE1_R4_aug_14,0.0
39,DoE1_R4_aug_14,0.0
40,DoE1_R4_aug_14,0.0
41,DoE1_R4_aug_14,0.0
42,DoE1_R4_aug_14,2.2886111111111163
43,DoE1_R4_aug_14,4.265000000000004
44,DoE1_R4_aug_14,6.315000000000005
45,DoE1_R4_aug_14,8.348333333333336
46,DoE1_R4_aug_14,8.406666666666666
47,DoE1_R4_aug_14,10.381666666666668
36,DoE1_R4_aug_15,0.0
37,DoE1_R4_aug_15,0.0
38,DoE1_R4_aug_15,0.0
39,DoE1_R4_aug_15,0.0
40,DoE1_R4_aug_15,0.0
41,DoE1_R4_aug_15,0.0
42,DoE1_R4_aug_15,2.2886111111111163
43,DoE1_R4_aug_15,4.265000000000004
44,DoE1_R4_aug_15,6.315000000000005
45,DoE1_R4_aug_15,8.348333333333336
46,DoE1_R4_aug_15,8.406666666666666
47,DoE1_R4_aug_15,10.381666666666668
48,DoE2_R1_aug_01,0.0
49,DoE2_R1_aug_01,0.0
50,DoE2_R1_aug_01,0.0
51,DoE2_R1_aug_01,2.1666666666670054
52,DoE2_R1_aug_01,4.083333333333972
53,DoE2_R1_aug_01,6.083333333334284
54,DoE2_R1_aug_01,8.125000000001272
55,DoE2_R1_aug_01,9.283333333334788
56,DoE2_R1_aug_01,9.858333333334876
57,DoE2_R1_aug_01,10.108333333334912
58,DoE2_R1_aug_01,11.27500000000176
59,DoE2_R1_aug_01,11.625000000001812
48,DoE2_R1_aug_02,0.0
49,DoE2_R1_aug_02,0.0
50,DoE2_R1_aug_02,0.0
51,DoE2_R1_aug_02,2.1666666666670054
52,DoE2_R1_aug_02,4.083333333333972
53,DoE2_R1_aug_02,6.083333333334284
54,DoE2_R1_aug_02,8.125000000001272
55,DoE2_R1_aug_02,9.283333333334788
56,DoE2_R1_aug_02,9.858333333334876
57,DoE2_R1_aug_02,10.108333333334912
58,DoE2_R1_aug_02,11.27500000000176
59,DoE2_R1_aug_02,11.625000000001812
48,DoE2_R1_aug_03,0.0
49,DoE2_R1_aug_03,0.0
50,DoE2_R1_aug_03,0.0
51,DoE2_R1_aug_03,2.1666666666670054
52,DoE2_R1_aug_03,4.083333333333972
53,DoE2_R1_aug_03,6.083333333334284
54,DoE2_R1_aug_03,8.125000000001272
55,DoE2_R1_aug_03,9.283333333334788
56,DoE2_R1_aug_03,9.858333333334876
57,DoE2_R1_aug_03,10.108333333334912
58,DoE2_R1_aug_03,11.27500000000176
59,DoE2_R1_aug_03,11.625000000001812
48,DoE2_R1_aug_04,0.0
49,DoE2_R1_aug_04,0.0
50,DoE2_R1_aug_04,0.0
51,DoE2_R1_aug_04,2.1666666666670054
52,DoE2_R1_aug_04,4.083333333333972
53,DoE2_R1_aug_04,6.083333333334284
54,DoE2_R1_aug_04,8.125000000001272
55,DoE2_R1_aug_04,9.283333333334788
56,DoE2_R1_aug_04,9.858333333334876
57,DoE2_R1_aug_04,10.108333333334912
58,DoE2_R1_aug_04,11.27500000000176
59,DoE2_R1_aug_04,11.625000000001812
48,DoE2_R1_aug_05,0.0
49,DoE2_R1_aug_05,0.0
50,DoE2_R1_aug_05,0.0
51,DoE2_R1_aug_05,2.1666666666670054
52,DoE2_R1_aug_05,4.083333333333972
53,DoE2_R1_aug_05,6.083333333334284
54,DoE2_R1_aug_05,8.125000000001272
55,DoE2_R1_aug_05,9.283333333334788
56,DoE2_R1_aug_05,9.858333333334876
57,DoE2_R1_aug_05,10.108333333334912
58,DoE2_R1_aug_05,11.27500000000176
59,DoE2_R1_aug_05,11.625000000001812
48,DoE2_R1_aug_06,0.0
49,DoE2_R1_aug_06,0.0
50,DoE2_R1_aug_06,0.0
51,DoE2_R1_aug_06,2.1666666666670054
52,DoE2_R1_aug_06,4.083333333333972
53,DoE2_R1_aug_06,6.083333333334284
54,DoE2_R1_aug_06,8.125000000001272
55,DoE2_R1_aug_06,9.283333333334788
56,DoE2_R1_aug_06,9.858333333334876
57,DoE2_R1_aug_06,10.108333333334912
58,DoE2_R1_aug_06,11.27500000000176
59,DoE2_R1_aug_06,11.625000000001812
48,DoE2_R1_aug_07,0.0
49,DoE2_R1_aug_07,0.0
50,DoE2_R1_aug_07,0.0
51,DoE2_R1_aug_07,2.1666666666670054
52,DoE2_R1_aug_07,4.083333333333972
53,DoE2_R1_aug_07,6.083333333334284
54,DoE2_R1_aug_07,8.125000000001272
55,DoE2_R1_aug_07,9.283333333334788
56,DoE2_R1_aug_07,9.858333333334876
57,DoE2_R1_aug_07,10.108333333334912
58,DoE2_R1_aug_07,11.27500000000176
59,DoE2_R1_aug_07,11.625000000001812
48,DoE2_R1_aug_08,0.0
49,DoE2_R1_aug_08,0.0
50,DoE2_R1_aug_08,0.0
51,DoE2_R1_aug_08,2.1666666666670054
52,DoE2_R1_aug_08,4.083333333333972
53,DoE2_R1_aug_08,6.083333333334284
54,DoE2_R1_aug_08,8.125000000001272
55,DoE2_R1_aug_08,9.283333333334788
56,DoE2_R1_aug_08,9.858333333334876
57,DoE2_R1_aug_08,10.108333333334912
58,DoE2_R1_aug_08,11.27500000000176
59,DoE2_R1_aug_08,11.625000000001812
48,DoE2_R1_aug_09,0.0
49,DoE2_R1_aug_09,0.0
50,DoE2_R1_aug_09,0.0
51,DoE2_R1_aug_09,2.1666666666670054
52,DoE2_R1_aug_09,4.083333333333972
53,DoE2_R1_aug_09,6.083333333334284
54,DoE2_R1_aug_09,8.125000000001272
55,DoE2_R1_aug_09,9.283333333334788
56,DoE2_R1_aug_09,9.858333333334876
57,DoE2_R1_aug_09,10.108333333334912
58,DoE2_R1_aug_09,11.27500000000176
59,DoE2_R1_aug_09,11.625000000001812
48,DoE2_R1_aug_10,0.0
49,DoE2_R1_aug_10,0.0
50,DoE2_R1_aug_10,0.0
51,DoE2_R1_aug_10,2.1666666666670054
52,DoE2_R1_aug_10,4.083333333333972
53,DoE2_R1_aug_10,6.083333333334284
54,DoE2_R1_aug_10,8.125000000001272
55,DoE2_R1_aug_10,9.283333333334788
56,DoE2_R1_aug_10,9.858333333334876
57,DoE2_R1_aug_10,10.108333333334912
58,DoE2_R1_aug_10,11.27500000000176
59,DoE2_R1_aug_10,11.625000000001812
48,DoE2_R1_aug_11,0.0
49,DoE2_R1_aug_11,0.0
50,DoE2_R1_aug_11,0.0
51,DoE2_R1_aug_11,2.1666666666670054
52,DoE2_R1_aug_11,4.083333333333972
53,DoE2_R1_aug_11,6.083333333334284
54,DoE2_R1_aug_11,8.125000000001272
55,DoE2_R1_aug_11,9.283333333334788
56,DoE2_R1_aug_11,9.858333333334876
57,DoE2_R1_aug_11,10.108333333334912
58,DoE2_R1_aug_11,11.27500000000176
59,DoE2_R1_aug_11,11.625000000001812
48,DoE2_R1_aug_12,0.0
49,DoE2_R1_aug_12,0.0
50,DoE2_R1_aug_12,0.0
51,DoE2_R1_aug_12,2.1666666666670054
52,DoE2_R1_aug_12,4.083333333333972
53,DoE2_R1_aug_12,6.083333333334284
54,DoE2_R1_aug_12,8.125000000001272
55,DoE2_R1_aug_12,9.283333333334788
56,DoE2_R1_aug_12,9.858333333334876
57,DoE2_R1_aug_12,10.108333333334912
58,DoE2_R1_aug_12,11.27500000000176
59,DoE2_R1_aug_12,11.625000000001812
48,DoE2_R1_aug_13,0.0
49,DoE2_R1_aug_13,0.0
50,DoE2_R1_aug_13,0.0
51,DoE2_R1_aug_13,2.1666666666670054
52,DoE2_R1_aug_13,4.083333333333972
53,DoE2_R1_aug_13,6.083333333334284
54,DoE2_R1_aug_13,8.125000000001272
55,DoE2_R1_aug_13,9.283333333334788
56,DoE2_R1_aug_13,9.858333333334876
57,DoE2_R1_aug_13,10.108333333334912
58,DoE2_R1_aug_13,11.27500000000176
59,DoE2_R1_aug_13,11.625000000001812
48,DoE2_R1_aug_14,0.0
49,DoE2_R1_aug_14,0.0
50,DoE2_R1_aug_14,0.0
51,DoE2_R1_aug_14,2.1666666666670054
52,DoE2_R1_aug_14,4.083333333333972
53,DoE2_R1_aug_14,6.083333333334284
54,DoE2_R1_aug_14,8.125000000001272
55,DoE2_R1_aug_14,9.283333333334788
56,DoE2_R1_aug_14,9.858333333334876
57,DoE2_R1_aug_14,10.108333333334912
58,DoE2_R1_aug_14,11.27500000000176
59,DoE2_R1_aug_14,11.625000000001812
48,DoE2_R1_aug_15,0.0
49,DoE2_R1_aug_15,0.0
50,DoE2_R1_aug_15,0.0
51,DoE2_R1_aug_15,2.1666666666670054
52,DoE2_R1_aug_15,4.083333333333972
53,DoE2_R1_aug_15,6.083333333334284
54,DoE2_R1_aug_15,8.125000000001272
55,DoE2_R1_aug_15,9.283333333334788
56,DoE2_R1_aug_15,9.858333333334876
57,DoE2_R1_aug_15,10.108333333334912
58,DoE2_R1_aug_15,11.27500000000176
59,DoE2_R1_aug_15,11.625000000001812
60,DoE2_R2_aug_01,0.0
61,DoE2_R2_aug_01,0.0
62,DoE2_R2_aug_01,0.0
63,DoE2_R2_aug_01,0.0
64,DoE2_R2_aug_01,0.0
65,DoE2_R2_aug_01,0.0
66,DoE2_R2_aug_01,0.0
67,DoE2_R2_aug_01,2.133333333333667
68,DoE2_R2_aug_01,4.066666666667302
69,DoE2_R2_aug_01,6.066666666667604
70,DoE2_R2_aug_01,8.100000000001252
71,DoE2_R2_aug_01,10.083333333334885
60,DoE2_R2_aug_02,0.0
61,DoE2_R2_aug_02,0.0
62,DoE2_R2_aug_02,0.0
63,DoE2_R2_aug_02,0.0
64,DoE2_R2_aug_02,0.0
65,DoE2_R2_aug_02,0.0
66,DoE2_R2_aug_02,0.0
67,DoE2_R2_aug_02,2.133333333333667
68,DoE2_R2_aug_02,4.066666666667302
69,DoE2_R2_aug_02,6.066666666667604
70,DoE2_R2_aug_02,8.100000000001252
71,DoE2_R2_aug_02,10.083333333334885
60,DoE2_R2_aug_03,0.0
61,DoE2_R2_aug_03,0.0
62,DoE2_R2_aug_03,0.0
63,DoE2_R2_aug_03,0.0
64,DoE2_R2_aug_03,0.0
65,DoE2_R2_aug_03,0.0
66,DoE2_R2_aug_03,0.0
67,DoE2_R2_aug_03,2.133333333333667
68,DoE2_R2_aug_03,4.066666666667302
69,DoE2_R2_aug_03,6.066666666667604
70,DoE2_R2_aug_03,8.100000000001252
71,DoE2_R2_aug_03,10.083333333334885
60,DoE2_R2_aug_04,0.0
61,DoE2_R2_aug_04,0.0
62,DoE2_R2_aug_04,0.0
63,DoE2_R2_aug_04,0.0
64,DoE2_R2_aug_04,0.0
65,DoE2_R2_aug_04,0.0
66,DoE2_R2_aug_04,0.0
67,DoE2_R2_aug_04,2.133333333333667
68,DoE2_R2_aug_04,4.066666666667302
69,DoE2_R2_aug_04,6.066666666667604
70,DoE2_R2_aug_04,8.100000000001252
71,DoE2_R2_aug_04,10.083333333334885
60,DoE2_R2_aug_05,0.0
61,DoE2_R2_aug_05,0.0
62,DoE2_R2_aug_05,0.0
63,DoE2_R2_aug_05,0.0
64,DoE2_R2_aug_05,0.0
65,DoE2_R2_aug_05,0.0
66,DoE2_R2_aug_05,0.0
67,DoE2_R2_aug_05,2.133333333333667
68,DoE2_R2_aug_05,4.066666666667302
69,DoE2_R2_aug_05,6.066666666667604
70,DoE2_R2_aug_05,8.100000000001252
71,DoE2_R2_aug_05,10.083333333334885
60,DoE2_R2_aug_06,0.0
61,DoE2_R2_aug_06,0.0
62,DoE2_R2_aug_06,0.0
63,DoE2_R2_aug_06,0.0
64,DoE2_R2_aug_06,0.0
65,DoE2_R2_aug_06,0.0
66,DoE2_R2_aug_06,0.0
67,DoE2_R2_aug_06,2.133333333333667
68,DoE2_R2_aug_06,4.066666666667302
69,DoE2_R2_aug_06,6.066666666667604
70,DoE2_R2_aug_06,8.100000000001252
71,DoE2_R2_aug_06,10.083333333334885
60,DoE2_R2_aug_07,0.0
61,DoE2_R2_aug_07,0.0
62,DoE2_R2_aug_07,0.0
63,DoE2_R2_aug_07,0.0
64,DoE2_R2_aug_07,0.0
65,DoE2_R2_aug_07,0.0
66,DoE2_R2_aug_07,0.0
67,DoE2_R2_aug_07,2.133333333333667
68,DoE2_R2_aug_07,4.066666666667302
69,DoE2_R2_aug_07,6.066666666667604
70,DoE2_R2_aug_07,8.100000000001252
71,DoE2_R2_aug_07,10.083333333334885
60,DoE2_R2_aug_08,0.0
61,DoE2_R2_aug_08,0.0
62,DoE2_R2_aug_08,0.0
63,DoE2_R2_aug_08,0.0
64,DoE2_R2_aug_08,0.0
65,DoE2_R2_aug_08,0.0
66,DoE2_R2_aug_08,0.0
67,DoE2_R2_aug_08,2.133333333333667
68,DoE2_R2_aug_08,4.066666666667302
69,DoE2_R2_aug_08,6.066666666667604
70,DoE2_R2_aug_08,8.100000000001252
71,DoE2_R2_aug_08,10.083333333334885
60,DoE2_R2_aug_09,0.0
61,DoE2_R2_aug_09,0.0
62,DoE2_R2_aug_09,0.0
63,DoE2_R2_aug_09,0.0
64,DoE2_R2_aug_09,0.0
65,DoE2_R2_aug_09,0.0
66,DoE2_R2_aug_09,0.0
67,DoE2_R2_aug_09,2.133333333333667
68,DoE2_R2_aug_09,4.066666666667302
69,DoE2_R2_aug_09,6.066666666667604
70,DoE2_R2_aug_09,8.100000000001252
71,DoE2_R2_aug_09,10.083333333334885
60,DoE2_R2_aug_10,0.0
61,DoE2_R2_aug_10,0.0
62,DoE2_R2_aug_10,0.0
63,DoE2_R2_aug_10,0.0
64,DoE2_R2_aug_10,0.0
65,DoE2_R2_aug_10,0.0
66,DoE2_R2_aug_10,0.0
67,DoE2_R2_aug_10,2.133333333333667
68,DoE2_R2_aug_10,4.066666666667302
69,DoE2_R2_aug_10,6.066666666667604
70,DoE2_R2_aug_10,8.100000000001252
71,DoE2_R2_aug_10,10.083333333334885
60,DoE2_R2_aug_11,0.0
61,DoE2_R2_aug_11,0.0
62,DoE2_R2_aug_11,0.0
63,DoE2_R2_aug_11,0.0
64,DoE2_R2_aug_11,0.0
65,DoE2_R2_aug_11,0.0
66,DoE2_R2_aug_11,0.0
67,DoE2_R2_aug_11,2.133333333333667
68,DoE2_R2_aug_11,4.066666666667302
69,DoE2_R2_aug_11,6.066666666667604
70,DoE2_R2_aug_11,8.100000000001252
71,DoE2_R2_aug_11,10.083333333334885
60,DoE2_R2_aug_12,0.0
61,DoE2_R2_aug_12,0.0
62,DoE2_R2_aug_12,0.0
63,DoE2_R2_aug_12,0.0
64,DoE2_R2_aug_12,0.0
65,DoE2_R2_aug_12,0.0
66,DoE2_R2_aug_12,0.0
67,DoE2_R2_aug_12,2.133333333333667
68,DoE2_R2_aug_12,4.066666666667302
69,DoE2_R2_aug_12,6.066666666667604
70,DoE2_R2_aug_12,8.100000000001252
71,DoE2_R2_aug_12,10.083333333334885
60,DoE2_R2_aug_13,0.0
61,DoE2_R2_aug_13,0.0
62,DoE2_R2_aug_13,0.0
63,DoE2_R2_aug_13,0.0
64,DoE2_R2_aug_13,0.0
65,DoE2_R2_aug_13,0.0
66,DoE2_R2_aug_13,0.0
67,DoE2_R2_aug_13,2.133333333333667
68,DoE2_R2_aug_13,4.066666666667302
69,DoE2_R2_aug_13,6.066666666667604
70,DoE2_R2_aug_13,8.100000000001252
71,DoE2_R2_aug_13,10.083333333334885
60,DoE2_R2_aug_14,0.0
61,DoE2_R2_aug_14,0.0
62,DoE2_R2_aug_14,0.0
63,DoE2_R2_aug_14,0.0
64,DoE2_R2_aug_14,0.0
65,DoE2_R2_aug_14,0.0
66,DoE2_R2_aug_14,0.0
67,DoE2_R2_aug_14,2.133333333333667
68,DoE2_R2_aug_14,4.066666666667302
69,DoE2_R2_aug_14,6.066666666667604
70,DoE2_R2_aug_14,8.100000000001252
71,DoE2_R2_aug_14,10.083333333334885
60,DoE2_R2_aug_15,0.0
61,DoE2_R2_aug_15,0.0
62,DoE2_R2_aug_15,0.0
63,DoE2_R2_aug_15,0.0
64,DoE2_R2_aug_15,0.0
65,DoE2_R2_aug_15,0.0
66,DoE2_R2_aug_15,0.0
67,DoE2_R2_aug_15,2.133333333333667
68,DoE2_R2_aug_15,4.066666666667302
69,DoE2_R2_aug_15,6.066666666667604
70,DoE2_R2_aug_15,8.100000000001252
71,DoE2_R2_aug_15,10.083333333334885
72,DoE2_R3_aug_01,0.0
73,DoE2_R3_aug_01,0.0
74,DoE2_R3_aug_01,0.0
75,DoE2_R3_aug_01,0.0
76,DoE2_R3_aug_01,0.0
77,DoE2_R3_aug_01,0.0
78,DoE2_R3_aug_01,0.0
79,DoE2_R3_aug_01,2.0919444444447706
80,DoE2_R3_aug_01,4.033333333333957
81,DoE2_R3_aug_01,6.033333333334248
82,DoE2_R3_aug_01,8.066666666667835
83,DoE2_R3_aug_01,10.041666666668078
72,DoE2_R3_aug_02,0.0
73,DoE2_R3_aug_02,0.0
74,DoE2_R3_aug_02,0.0
75,DoE2_R3_aug_02,0.0
76,DoE2_R3_aug_02,0.0
77,DoE2_R3_aug_02,0.0
78,DoE2_R3_aug_02,0.0
79,DoE2_R3_aug_02,2.0919444444447706
80,DoE2_R3_aug_02,4.033333333333957
81,DoE2_R3_aug_02,6.033333333334248
82,DoE2_R3_aug_02,8.066666666667835
83,DoE2_R3_aug_02,10.041666666668078
72,DoE2_R3_aug_03,0.0
73,DoE2_R3_aug_03,0.0
74,DoE2_R3_aug_03,0.0
75,DoE2_R3_aug_03,0.0
76,DoE2_R3_aug_03,0.0
77,DoE2_R3_aug_03,0.0
78,DoE2_R3_aug_03,0.0
79,DoE2_R3_aug_03,2.0919444444447706
80,DoE2_R3_aug_03,4.033333333333957
81,DoE2_R3_aug_03,6.033333333334248
82,DoE2_R3_aug_03,8.066666666667835
83,DoE2_R3_aug_03,10.041666666668078
72,DoE2_R3_aug_04,0.0
73,DoE2_R3_aug_04,0.0
74,DoE2_R3_aug_04,0.0
75,DoE2_R3_aug_04,0.0
76,DoE2_R3_aug_04,0.0
77,DoE2_R3_aug_04,0.0
78,DoE2_R3_aug_04,0.0
79,DoE2_R3_aug_04,2.0919444444447706
80,DoE2_R3_aug_04,4.033333333333957
81,DoE2_R3_aug_04,6.033333333334248
82,DoE2_R3_aug_04,8.066666666667835
83,DoE2_R3_aug_04,10.041666666668078
72,DoE2_R3_aug_05,0.0
73,DoE2_R3_aug_05,0.0
74,DoE2_R3_aug_05,0.0
75,DoE2_R3_aug_05,0.0
76,DoE2_R3_aug_05,0.0
77,DoE2_R3_aug_05,0.0
78,DoE2_R3_aug_05,0.0
79,DoE2_R3_aug_05,2.0919444444447706
80,DoE2_R3_aug_05,4.033333333333957
81,DoE2_R3_aug_05,6.033333333334248
82,DoE2_R3_aug_05,8.066666666667835
83,DoE2_R3_aug_05,10.041666666668078
72,DoE2_R3_aug_06,0.0
73,DoE2_R3_aug_06,0.0
74,DoE2_R3_aug_06,0.0
75,DoE2_R3_aug_06,0.0
76,DoE2_R3_aug_06,0.0
77,DoE2_R3_aug_06,0.0
78,DoE2_R3_aug_06,0.0
79,DoE2_R3_aug_06,2.0919444444447706
80,DoE2_R3_aug_06,4.033333333333957
81,DoE2_R3_aug_06,6.033333333334248
82,DoE2_R3_aug_06,8.066666666667835
83,DoE2_R3_aug_06,10.041666666668078
72,DoE2_R3_aug_07,0.0
73,DoE2_R3_aug_07,0.0
74,DoE2_R3_aug_07,0.0
75,DoE2_R3_aug_07,0.0
76,DoE2_R3_aug_07,0.0
77,DoE2_R3_aug_07,0.0
78,DoE2_R3_aug_07,0.0
79,DoE2_R3_aug_07,2.0919444444447706
80,DoE2_R3_aug_07,4.033333333333957
81,DoE2_R3_aug_07,6.033333333334248
82,DoE2_R3_aug_07,8.066666666667835
83,DoE2_R3_aug_07,10.041666666668078
72,DoE2_R3_aug_08,0.0
73,DoE2_R3_aug_08,0.0
74,DoE2_R3_aug_08,0.0
75,DoE2_R3_aug_08,0.0
76,DoE2_R3_aug_08,0.0
77,DoE2_R3_aug_08,0.0
78,DoE2_R3_aug_08,0.0
79,DoE2_R3_aug_08,2.0919444444447706
80,DoE2_R3_aug_08,4.033333333333957
81,DoE2_R3_aug_08,6.033333333334248
82,DoE2_R3_aug_08,8.066666666667835
83,DoE2_R3_aug_08,10.041666666668078
72,DoE2_R3_aug_09,0.0
73,DoE2_R3_aug_09,0.0
74,DoE2_R3_aug_09,0.0
75,DoE2_R3_aug_09,0.0
76,DoE2_R3_aug_09,0.0
77,DoE2_R3_aug_09,0.0
78,DoE2_R3_aug_09,0.0
79,DoE2_R3_aug_09,2.0919444444447706
80,DoE2_R3_aug_09,4.033333333333957
81,DoE2_R3_aug_09,6.033333333334248
82,DoE2_R3_aug_09,8.066666666667835
83,DoE2_R3_aug_09,10.041666666668078
72,DoE2_R3_aug_10,0.0
73,DoE2_R3_aug_10,0.0
74,DoE2_R3_aug_10,0.0
75,DoE2_R3_aug_10,0.0
76,DoE2_R3_aug_10,0.0
77,DoE2_R3_aug_10,0.0
78,DoE2_R3_aug_10,0.0
79,DoE2_R3_aug_10,2.0919444444447706
80,DoE2_R3_aug_10,4.033333333333957
81,DoE2_R3_aug_10,6.033333333334248
82,DoE2_R3_aug_10,8.066666666667835
83,DoE2_R3_aug_10,10.041666666668078
72,DoE2_R3_aug_11,0.0
73,DoE2_R3_aug_11,0.0
74,DoE2_R3_aug_11,0.0
75,DoE2_R3_aug_11,0.0
76,DoE2_R3_aug_11,0.0
77,DoE2_R3_aug_11,0.0
78,DoE2_R3_aug_11,0.0
79,DoE2_R3_aug_11,2.0919444444447706
80,DoE2_R3_aug_11,4.033333333333957
81,DoE2_R3_aug_11,6.033333333334248
82,DoE2_R3_aug_11,8.066666666667835
83,DoE2_R3_aug_11,10.041666666668078
72,DoE2_R3_aug_12,0.0
73,DoE2_R3_aug_12,0.0
74,DoE2_R3_aug_12,0.0
75,DoE2_R3_aug_12,0.0
76,DoE2_R3_aug_12,0.0
77,DoE2_R3_aug_12,0.0
78,DoE2_R3_aug_12,0.0
79,DoE2_R3_aug_12,2.0919444444447706
80,DoE2_R3_aug_12,4.033333333333957
81,DoE2_R3_aug_12,6.033333333334248
82,DoE2_R3_aug_12,8.066666666667835
83,DoE2_R3_aug_12,10.041666666668078
72,DoE2_R3_aug_13,0.0
73,DoE2_R3_aug_13,0.0
74,DoE2_R3_aug_13,0.0
75,DoE2_R3_aug_13,0.0
76,DoE2_R3_aug_13,0.0
77,DoE2_R3_aug_13,0.0
78,DoE2_R3_aug_13,0.0
79,DoE2_R3_aug_13,2.0919444444447706
80,DoE2_R3_aug_13,4.033333333333957
81,DoE2_R3_aug_13,6.033333333334248
82,DoE2_R3_aug_13,8.066666666667835
83,DoE2_R3_aug_13,10.041666666668078
72,DoE2_R3_aug_14,0.0
73,DoE2_R3_aug_14,0.0
74,DoE2_R3_aug_14,0.0
75,DoE2_R3_aug_14,0.0
76,DoE2_R3_aug_14,0.0
77,DoE2_R3_aug_14,0.0
78,DoE2_R3_aug_14,0.0
79,DoE2_R3_aug_14,2.0919444444447706
80,DoE2_R3_aug_14,4.033333333333957
81,DoE2_R3_aug_14,6.033333333334248
82,DoE2_R3_aug_14,8.066666666667835
83,DoE2_R3_aug_14,10.041666666668078
72,DoE2_R3_aug_15,0.0
73,DoE2_R3_aug_15,0.0
74,DoE2_R3_aug_15,0.0
75,DoE2_R3_aug_15,0.0
76,DoE2_R3_aug_15,0.0
77,DoE2_R3_aug_15,0.0
78,DoE2_R3_aug_15,0.0
79,DoE2_R3_aug_15,2.0919444444447706
80,DoE2_R3_aug_15,4.033333333333957
81,DoE2_R3_aug_15,6.033333333334248
82,DoE2_R3_aug_15,8.066666666667835
83,DoE2_R3_aug_15,10.041666666668078
84,DoE2_R4_aug_01,0.0
85,DoE2_R4_aug_01,0.0
86,DoE2_R4_aug_01,0.0
87,DoE2_R4_aug_01,0.0
88,DoE2_R4_aug_01,0.0
89,DoE2_R4_aug_01,0.0
90,DoE2_R4_aug_01,0.0
91,DoE2_R4_aug_01,2.116666666666955
92,DoE2_R4_aug_01,4.058333333333955
93,DoE2_R4_aug_01,6.066666666667555
94,DoE2_R4_aug_01,8.091666666667955
95,DoE2_R4_aug_01,10.066666666668254
84,DoE2_R4_aug_02,0.0
85,DoE2_R4_aug_02,0.0
86,DoE2_R4_aug_02,0.0
87,DoE2_R4_aug_02,0.0
88,DoE2_R4_aug_02,0.0
89,DoE2_R4_aug_02,0.0
90,DoE2_R4_aug_02,0.0
91,DoE2_R4_aug_02,2.116666666666955
92,DoE2_R4_aug_02,4.058333333333955
93,DoE2_R4_aug_02,6.066666666667555
94,DoE2_R4_aug_02,8.091666666667955
95,DoE2_R4_aug_02,10.066666666668254
84,DoE2_R4_aug_03,0.0
85,DoE2_R4_aug_03,0.0
86,DoE2_R4_aug_03,0.0
87,DoE2_R4_aug_03,0.0
88,DoE2_R4_aug_03,0.0
89,DoE2_R4_aug_03,0.0
90,DoE2_R4_aug_03,0.0
91,DoE2_R4_aug_03,2.116666666666955
92,DoE2_R4_aug_03,4.058333333333955
93,DoE2_R4_aug_03,6.066666666667555
94,DoE2_R4_aug_03,8.091666666667955
95,DoE2_R4_aug_03,10.066666666668254
84,DoE2_R4_aug_04,0.0
85,DoE2_R4_aug_04,0.0
86,DoE2_R4_aug_04,0.0
87,DoE2_R4_aug_04,0.0
88,DoE2_R4_aug_04,0.0
89,DoE2_R4_aug_04,0.0
90,DoE2_R4_aug_04,0.0
91,DoE2_R4_aug_04,2.116666666666955
92,DoE2_R4_aug_04,4.058333333333955
93,DoE2_R4_aug_04,6.066666666667555
94,DoE2_R4_aug_04,8.091666666667955
95,DoE2_R4_aug_04,10.066666666668254
84,DoE2_R4_aug_05,0.0
85,DoE2_R4_aug_05,0.0
86,DoE2_R4_aug_05,0.0
87,DoE2_R4_aug_05,0.0
88,DoE2_R4_aug_05,0.0
89,DoE2_R4_aug_05,0.0
90,DoE2_R4_aug_05,0.0
91,DoE2_R4_aug_05,2.116666666666955
92,DoE2_R4_aug_05,4.058333333333955
93,DoE2_R4_aug_05,6.066666666667555
94,DoE2_R4_aug_05,8.091666666667955
95,DoE2_R4_aug_05,10.066666666668254
84,DoE2_R4_aug_06,0.0
85,DoE2_R4_aug_06,0.0
86,DoE2_R4_aug_06,0.0
87,DoE2_R4_aug_06,0.0
88,DoE2_R4_aug_06,0.0
89,DoE2_R4_aug_06,0.0
90,DoE2_R4_aug_06,0.0
91,DoE2_R4_aug_06,2.116666666666955
92,DoE2_R4_aug_06,4.058333333333955
93,DoE2_R4_aug_06,6.066666666667555
94,DoE2_R4_aug_06,8.091666666667955
95,DoE2_R4_aug_06,10.066666666668254
84,DoE2_R4_aug_07,0.0
85,DoE2_R4_aug_07,0.0
86,DoE2_R4_aug_07,0.0
87,DoE2_R4_aug_07,0.0
88,DoE2_R4_aug_07,0.0
89,DoE2_R4_aug_07,0.0
90,DoE2_R4_aug_07,0.0
91,DoE2_R4_aug_07,2.116666666666955
92,DoE2_R4_aug_07,4.058333333333955
93,DoE2_R4_aug_07,6.066666666667555
94,DoE2_R4_aug_07,8.091666666667955
95,DoE2_R4_aug_07,10.066666666668254
84,DoE2_R4_aug_08,0.0
85,DoE2_R4_aug_08,0.0
86,DoE2_R4_aug_08,0.0
87,DoE2_R4_aug_08,0.0
88,DoE2_R4_aug_08,0.0
89,DoE2_R4_aug_08,0.0
90,DoE2_R4_aug_08,0.0
91,DoE2_R4_aug_08,2.116666666666955
92,DoE2_R4_aug_08,4.058333333333955
93,DoE2_R4_aug_08,6.066666666667555
94,DoE2_R4_aug_08,8.091666666667955
95,DoE2_R4_aug_08,10.066666666668254
84,DoE2_R4_aug_09,0.0
85,DoE2_R4_aug_09,0.0
86,DoE2_R4_aug_09,0.0
87,DoE2_R4_aug_09,0.0
88,DoE2_R4_aug_09,0.0
89,DoE2_R4_aug_09,0.0
90,DoE2_R4_aug_09,0.0
91,DoE2_R4_aug_09,2.116666666666955
92,DoE2_R4_aug_09,4.058333333333955
93,DoE2_R4_aug_09,6.066666666667555
94,DoE2_R4_aug_09,8.091666666667955
95,DoE2_R4_aug_09,10.066666666668254
84,DoE2_R4_aug_10,0.0
85,DoE2_R4_aug_10,0.0
86,DoE2_R4_aug_10,0.0
87,DoE2_R4_aug_10,0.0
88,DoE2_R4_aug_10,0.0
89,DoE2_R4_aug_10,0.0
90,DoE2_R4_aug_10,0.0
91,DoE2_R4_aug_10,2.116666666666955
92,DoE2_R4_aug_10,4.058333333333955
93,DoE2_R4_aug_10,6.066666666667555
94,DoE2_R4_aug_10,8.091666666667955
95,DoE2_R4_aug_10,10.066666666668254
84,DoE2_R4_aug_11,0.0
85,DoE2_R4_aug_11,0.0
86,DoE2_R4_aug_11,0.0
87,DoE2_R4_aug_11,0.0
88,DoE2_R4_aug_11,0.0
89,DoE2_R4_aug_11,0.0
90,DoE2_R4_aug_11,0.0
91,DoE2_R4_aug_11,2.116666666666955
92,DoE2_R4_aug_11,4.058333333333955
93,DoE2_R4_aug_11,6.066666666667555
94,DoE2_R4_aug_11,8.091666666667955
95,DoE2_R4_aug_11,10.066666666668254
84,DoE2_R4_aug_12,0.0
85,DoE2_R4_aug_12,0.0
86,DoE2_R4_aug_12,0.0
87,DoE2_R4_aug_12,0.0
88,DoE2_R4_aug_12,0.0
89,DoE2_R4_aug_12,0.0
90,DoE2_R4_aug_12,0.0
91,DoE2_R4_aug_12,2.116666666666955
92,DoE2_R4_aug_12,4.058333333333955
93,DoE2_R4_aug_12,6.066666666667555
94,DoE2_R4_aug_12,8.091666666667955
95,DoE2_R4_aug_12,10.066666666668254
84,DoE2_R4_aug_13,0.0
85,DoE2_R4_aug_13,0.0
86,DoE2_R4_aug_13,0.0
87,DoE2_R4_aug_13,0.0
88,DoE2_R4_aug_13,0.0
89,DoE2_R4_aug_13,0.0
90,DoE2_R4_aug_13,0.0
91,DoE2_R4_aug_13,2.116666666666955
92,DoE2_R4_aug_13,4.058333333333955
93,DoE2_R4_aug_13,6.066666666667555
94,DoE2_R4_aug_13,8.091666666667955
95,DoE2_R4_aug_13,10.066666666668254
84,DoE2_R4_aug_14,0.0
85,DoE2_R4_aug_14,0.0
86,DoE2_R4_aug_14,0.0
87,DoE2_R4_aug_14,0.0
88,DoE2_R4_aug_14,0.0
89,DoE2_R4_aug_14,0.0
90,DoE2_R4_aug_14,0.0
91,DoE2_R4_aug_14,2.116666666666955
92,DoE2_R4_aug_14,4.058333333333955
93,DoE2_R4_aug_14,6.066666666667555
94,DoE2_R4_aug_14,8.091666666667955
95,DoE2_R4_aug_14,10.066666666668254
84,DoE2_R4_aug_15,0.0
85,DoE2_R4_aug_15,0.0
86,DoE2_R4_aug_15,0.0
87,DoE2_R4_aug_15,0.0
88,DoE2_R4_aug_15,0.0
89,DoE2_R4_aug_15,0.0
90,DoE2_R4_aug_15,0.0
91,DoE2_R4_aug_15,2.116666666666955
92,DoE2_R4_aug_15,4.058333333333955
93,DoE2_R4_aug_15,6.066666666667555
94,DoE2_R4_aug_15,8.091666666667955
95,DoE2_R4_aug_15,10.066666666668254
96,DoE3_R1_aug_01,0.0
97,DoE3_R1_aug_01,0.0
98,DoE3_R1_aug_01,0.0
99,DoE3_R1_aug_01,0.0
100,DoE3_R1_aug_01,0.0
101,DoE3_R1_aug_01,0.0
102,DoE3_R1_aug_01,0.0
103,DoE3_R1_aug_01,1.7750000000000057
104,DoE3_R1_aug_01,3.758333333333333
105,DoE3_R1_aug_01,5.766666666666673
106,DoE3_R1_aug_01,7.766666666666669
107,DoE3_R1_aug_01,9.800000000000004
96,DoE3_R1_aug_02,0.0
97,DoE3_R1_aug_02,0.0
98,DoE3_R1_aug_02,0.0
99,DoE3_R1_aug_02,0.0
100,DoE3_R1_aug_02,0.0
101,DoE3_R1_aug_02,0.0
102,DoE3_R1_aug_02,0.0
103,DoE3_R1_aug_02,1.7750000000000057
104,DoE3_R1_aug_02,3.758333333333333
105,DoE3_R1_aug_02,5.766666666666673
106,DoE3_R1_aug_02,7.766666666666669
107,DoE3_R1_aug_02,9.800000000000004
96,DoE3_R1_aug_03,0.0
97,DoE3_R1_aug_03,0.0
98,DoE3_R1_aug_03,0.0
99,DoE3_R1_aug_03,0.0
100,DoE3_R1_aug_03,0.0
101,DoE3_R1_aug_03,0.0
102,DoE3_R1_aug_03,0.0
103,DoE3_R1_aug_03,1.7750000000000057
104,DoE3_R1_aug_03,3.758333333333333
105,DoE3_R1_aug_03,5.766666666666673
106,DoE3_R1_aug_03,7.766666666666669
107,DoE3_R1_aug_03,9.800000000000004
96,DoE3_R1_aug_04,0.0
97,DoE3_R1_aug_04,0.0
98,DoE3_R1_aug_04,0.0
99,DoE3_R1_aug_04,0.0
100,DoE3_R1_aug_04,0.0
101,DoE3_R1_aug_04,0.0
102,DoE3_R1_aug_04,0.0
103,DoE3_R1_aug_04,1.7750000000000057
104,DoE3_R1_aug_04,3.758333333333333
105,DoE3_R1_aug_04,5.766666666666673
106,DoE3_R1_aug_04,7.766666666666669
107,DoE3_R1_aug_04,9.800000000000004
96,DoE3_R1_aug_05,0.0
97,DoE3_R1_aug_05,0.0
98,DoE3_R1_aug_05,0.0
99,DoE3_R1_aug_05,0.0
100,DoE3_R1_aug_05,0.0
101,DoE3_R1_aug_05,0.0
102,DoE3_R1_aug_05,0.0
103,DoE3_R1_aug_05,1.7750000000000057
104,DoE3_R1_aug_05,3.758333333333333
105,DoE3_R1_aug_05,5.766666666666673
106,DoE3_R1_aug_05,7.766666666666669
107,DoE3_R1_aug_05,9.800000000000004
96,DoE3_R1_aug_06,0.0
97,DoE3_R1_aug_06,0.0
98,DoE3_R1_aug_06,0.0
99,DoE3_R1_aug_06,0.0
100,DoE3_R1_aug_06,0.0
101,DoE3_R1_aug_06,0.0
102,DoE3_R1_aug_06,0.0
103,DoE3_R1_aug_06,1.7750000000000057
104,DoE3_R1_aug_06,3.758333333333333
105,DoE3_R1_aug_06,5.766666666666673
106,DoE3_R1_aug_06,7.766666666666669
107,DoE3_R1_aug_06,9.800000000000004
96,DoE3_R1_aug_07,0.0
97,DoE3_R1_aug_07,0.0
98,DoE3_R1_aug_07,0.0
99,DoE3_R1_aug_07,0.0
100,DoE3_R1_aug_07,0.0
101,DoE3_R1_aug_07,0.0
102,DoE3_R1_aug_07,0.0
103,DoE3_R1_aug_07,1.7750000000000057
104,DoE3_R1_aug_07,3.758333333333333
105,DoE3_R1_aug_07,5.766666666666673
106,DoE3_R1_aug_07,7.766666666666669
107,DoE3_R1_aug_07,9.800000000000004
96,DoE3_R1_aug_08,0.0
97,DoE3_R1_aug_08,0.0
98,DoE3_R1_aug_08,0.0
99,DoE3_R1_aug_08,0.0
100,DoE3_R1_aug_08,0.0
101,DoE3_R1_aug_08,0.0
102,DoE3_R1_aug_08,0.0
103,DoE3_R1_aug_08,1.7750000000000057
104,DoE3_R1_aug_08,3.758333333333333
105,DoE3_R1_aug_08,5.766666666666673
106,DoE3_R1_aug_08,7.766666666666669
107,DoE3_R1_aug_08,9.800000000000004
96,DoE3_R1_aug_09,0.0
97,DoE3_R1_aug_09,0.0
98,DoE3_R1_aug_09,0.0
99,DoE3_R1_aug_09,0.0
100,DoE3_R1_aug_09,0.0
101,DoE3_R1_aug_09,0.0
102,DoE3_R1_aug_09,0.0
103,DoE3_R1_aug_09,1.7750000000000057
104,DoE3_R1_aug_09,3.758333333333333
105,DoE3_R1_aug_09,5.766666666666673
106,DoE3_R1_aug_09,7.766666666666669
107,DoE3_R1_aug_09,9.800000000000004
96,DoE3_R1_aug_10,0.0
97,DoE3_R1_aug_10,0.0
98,DoE3_R1_aug_10,0.0
99,DoE3_R1_aug_10,0.0
100,DoE3_R1_aug_10,0.0
101,DoE3_R1_aug_10,0.0
102,DoE3_R1_aug_10,0.0
103,DoE3_R1_aug_10,1.7750000000000057
104,DoE3_R1_aug_10,3.758333333333333
105,DoE3_R1_aug_10,5.766666666666673
106,DoE3_R1_aug_10,7.766666666666669
107,DoE3_R1_aug_10,9.800000000000004
96,DoE3_R1_aug_11,0.0
97,DoE3_R1_aug_11,0.0
98,DoE3_R1_aug_11,0.0
99,DoE3_R1_aug_11,0.0
100,DoE3_R1_aug_11,0.0
101,DoE3_R1_aug_11,0.0
102,DoE3_R1_aug_11,0.0
103,DoE3_R1_aug_11,1.7750000000000057
104,DoE3_R1_aug_11,3.758333333333333
105,DoE3_R1_aug_11,5.766666666666673
106,DoE3_R1_aug_11,7.766666666666669
107,DoE3_R1_aug_11,9.800000000000004
96,DoE3_R1_aug_12,0.0
97,DoE3_R1_aug_12,0.0
98,DoE3_R1_aug_12,0.0
99,DoE3_R1_aug_12,0.0
100,DoE3_R1_aug_12,0.0
101,DoE3_R1_aug_12,0.0
102,DoE3_R1_aug_12,0.0
103,DoE3_R1_aug_12,1.7750000000000057
104,DoE3_R1_aug_12,3.758333333333333
105,DoE3_R1_aug_12,5.766666666666673
106,DoE3_R1_aug_12,7.766666666666669
107,DoE3_R1_aug_12,9.800000000000004
96,DoE3_R1_aug_13,0.0
97,DoE3_R1_aug_13,0.0
98,DoE3_R1_aug_13,0.0
99,DoE3_R1_aug_13,0.0
100,DoE3_R1_aug_13,0.0
101,DoE3_R1_aug_13,0.0
102,DoE3_R1_aug_13,0.0
103,DoE3_R1_aug_13,1.7750000000000057
104,DoE3_R1_aug_13,3.758333333333333
105,DoE3_R1_aug_13,5.766666666666673
106,DoE3_R1_aug_13,7.766666666666669
107,DoE3_R1_aug_13,9.800000000000004
96,DoE3_R1_aug_14,0.0
97,DoE3_R1_aug_14,0.0
98,DoE3_R1_aug_14,0.0
99,DoE3_R1_aug_14,0.0
100,DoE3_R1_aug_14,0.0
101,DoE3_R1_aug_14,0.0
102,DoE3_R1_aug_14,0.0
103,DoE3_R1_aug_14,1.7750000000000057
104,DoE3_R1_aug_14,3.758333333333333
105,DoE3_R1_aug_14,5.766666666666673
106,DoE3_R1_aug_14,7.766666666666669
107,DoE3_R1_aug_14,9.800000000000004
96,DoE3_R1_aug_15,0.0
97,DoE3_R1_aug_15,0.0
98,DoE3_R1_aug_15,0.0
99,DoE3_R1_aug_15,0.0
100,DoE3_R1_aug_15,0.0
101,DoE3_R1_aug_15,0.0
102,DoE3_R1_aug_15,0.0
103,DoE3_R1_aug_15,1.7750000000000057
104,DoE3_R1_aug_15,3.758333333333333
105,DoE3_R1_aug_15,5.766666666666673
106,DoE3_R1_aug_15,7.766666666666669
107,DoE3_R1_aug_15,9.800000000000004
108,DoE3_R2_aug_01,0.0
109,DoE3_R2_aug_01,0.0
110,DoE3_R2_aug_01,0.0
111,DoE3_R2_aug_01,2.200277777777778
112,DoE3_R2_aug_01,4.19166666666667
113,DoE3_R2_aug_01,6.200277777777778
114,DoE3_R2_aug_01,8.200277777777778
115,DoE3_R2_aug_01,9.01694444444444
116,DoE3_R2_aug_01,9.591944444444444
117,DoE3_R2_aug_01,10.225277777777777
118,DoE3_R2_aug_01,11.133611111111108
119,DoE3_R2_aug_01,11.60861111111111
108,DoE3_R2_aug_02,0.0
109,DoE3_R2_aug_02,0.0
110,DoE3_R2_aug_02,0.0
111,DoE3_R2_aug_02,2.200277777777778
112,DoE3_R2_aug_02,4.19166666666667
113,DoE3_R2_aug_02,6.200277777777778
114,DoE3_R2_aug_02,8.200277777777778
115,DoE3_R2_aug_02,9.01694444444444
116,DoE3_R2_aug_02,9.591944444444444
117,DoE3_R2_aug_02,10.225277777777777
118,DoE3_R2_aug_02,11.133611111111108
119,DoE3_R2_aug_02,11.60861111111111
108,DoE3_R2_aug_03,0.0
109,DoE3_R2_aug_03,0.0
110,DoE3_R2_aug_03,0.0
111,DoE3_R2_aug_03,2.200277777777778
112,DoE3_R2_aug_03,4.19166666666667
113,DoE3_R2_aug_03,6.200277777777778
114,DoE3_R2_aug_03,8.200277777777778
115,DoE3_R2_aug_03,9.01694444444444
116,DoE3_R2_aug_03,9.591944444444444
117,DoE3_R2_aug_03,10.225277777777777
118,DoE3_R2_aug_03,11.133611111111108
119,DoE3_R2_aug_03,11.60861111111111
108,DoE3_R2_aug_04,0.0
109,DoE3_R2_aug_04,0.0
110,DoE3_R2_aug_04,0.0
111,DoE3_R2_aug_04,2.200277777777778
112,DoE3_R2_aug_04,4.19166666666667
113,DoE3_R2_aug_04,6.200277777777778
114,DoE3_R2_aug_04,8.200277777777778
115,DoE3_R2_aug_04,9.01694444444444
116,DoE3_R2_aug_04,9.591944444444444
117,DoE3_R2_aug_04,10.225277777777777
118,DoE3_R2_aug_04,11.133611111111108
119,DoE3_R2_aug_04,11.60861111111111
108,DoE3_R2_aug_05,0.0
109,DoE3_R2_aug_05,0.0
110,DoE3_R2_aug_05,0.0
111,DoE3_R2_aug_05,2.200277777777778
112,DoE3_R2_aug_05,4.19166666666667
113,DoE3_R2_aug_05,6.200277777777778
114,DoE3_R2_aug_05,8.200277777777778
115,DoE3_R2_aug_05,9.01694444444444
116,DoE3_R2_aug_05,9.591944444444444
117,DoE3_R2_aug_05,10.225277777777777
118,DoE3_R2_aug_05,11.133611111111108
119,DoE3_R2_aug_05,11.60861111111111
108,DoE3_R2_aug_06,0.0
109,DoE3_R2_aug_06,0.0
110,DoE3_R2_aug_06,0.0
111,DoE3_R2_aug_06,2.200277777777778
112,DoE3_R2_aug_06,4.19166666666667
113,DoE3_R2_aug_06,6.200277777777778
114,DoE3_R2_aug_06,8.200277777777778
115,DoE3_R2_aug_06,9.01694444444444
116,DoE3_R2_aug_06,9.591944444444444
117,DoE3_R2_aug_06,10.225277777777777
118,DoE3_R2_aug_06,11.133611111111108
119,DoE3_R2_aug_06,11.60861111111111
108,DoE3_R2_aug_07,0.0
109,DoE3_R2_aug_07,0.0
110,DoE3_R2_aug_07,0.0
111,DoE3_R2_aug_07,2.200277777777778
112,DoE3_R2_aug_07,4.19166666666667
113,DoE3_R2_aug_07,6.200277777777778
114,DoE3_R2_aug_07,8.200277777777778
115,DoE3_R2_aug_07,9.01694444444444
116,DoE3_R2_aug_07,9.591944444444444
117,DoE3_R2_aug_07,10.225277777777777
118,DoE3_R2_aug_07,11.133611111111108
119,DoE3_R2_aug_07,11.60861111111111
108,DoE3_R2_aug_08,0.0
109,DoE3_R2_aug_08,0.0
110,DoE3_R2_aug_08,0.0
111,DoE3_R2_aug_08,2.200277777777778
112,DoE3_R2_aug_08,4.19166666666667
113,DoE3_R2_aug_08,6.200277777777778
114,DoE3_R2_aug_08,8.200277777777778
115,DoE3_R2_aug_08,9.01694444444444
116,DoE3_R2_aug_08,9.591944444444444
117,DoE3_R2_aug_08,10.225277777777777
118,DoE3_R2_aug_08,11.133611111111108
119,DoE3_R2_aug_08,11.60861111111111
108,DoE3_R2_aug_09,0.0
109,DoE3_R2_aug_09,0.0
110,DoE3_R2_aug_09,0.0
111,DoE3_R2_aug_09,2.200277777777778
112,DoE3_R2_aug_09,4.19166666666667
113,DoE3_R2_aug_09,6.200277777777778
114,DoE3_R2_aug_09,8.200277777777778
115,DoE3_R2_aug_09,9.01694444444444
116,DoE3_R2_aug_09,9.591944444444444
117,DoE3_R2_aug_09,10.225277777777777
118,DoE3_R2_aug_09,11.133611111111108
119,DoE3_R2_aug_09,11.60861111111111
108,DoE3_R2_aug_10,0.0
109,DoE3_R2_aug_10,0.0
110,DoE3_R2_aug_10,0.0
111,DoE3_R2_aug_10,2.200277777777778
112,DoE3_R2_aug_10,4.19166666666667
113,DoE3_R2_aug_10,6.200277777777778
114,DoE3_R2_aug_10,8.200277777777778
115,DoE3_R2_aug_10,9.01694444444444
116,DoE3_R2_aug_10,9.591944444444444
117,DoE3_R2_aug_10,10.225277777777777
118,DoE3_R2_aug_10,11.133611111111108
119,DoE3_R2_aug_10,11.60861111111111
108,DoE3_R2_aug_11,0.0
109,DoE3_R2_aug_11,0.0
110,DoE3_R2_aug_11,0.0
111,DoE3_R2_aug_11,2.200277777777778
112,DoE3_R2_aug_11,4.19166666666667
113,DoE3_R2_aug_11,6.200277777777778
114,DoE3_R2_aug_11,8.200277777777778
115,DoE3_R2_aug_11,9.01694444444444
116,DoE3_R2_aug_11,9.591944444444444
117,DoE3_R2_aug_11,10.225277777777777
118,DoE3_R2_aug_11,11.133611111111108
119,DoE3_R2_aug_11,11.60861111111111
108,DoE3_R2_aug_12,0.0
109,DoE3_R2_aug_12,0.0
110,DoE3_R2_aug_12,0.0
111,DoE3_R2_aug_12,2.200277777777778
112,DoE3_R2_aug_12,4.19166666666667
113,DoE3_R2_aug_12,6.200277777777778
114,DoE3_R2_aug_12,8.200277777777778
115,DoE3_R2_aug_12,9.01694444444444
116,DoE3_R2_aug_12,9.591944444444444
117,DoE3_R2_aug_12,10.225277777777777
118,DoE3_R2_aug_12,11.133611111111108
119,DoE3_R2_aug_12,11.60861111111111
108,DoE3_R2_aug_13,0.0
109,DoE3_R2_aug_13,0.0
110,DoE3_R2_aug_13,0.0
111,DoE3_R2_aug_13,2.200277777777778
112,DoE3_R2_aug_13,4.19166666666667
113,DoE3_R2_aug_13,6.200277777777778
114,DoE3_R2_aug_13,8.200277777777778
115,DoE3_R2_aug_13,9.01694444444444
116,DoE3_R2_aug_13,9.591944444444444
117,DoE3_R2_aug_13,10.225277777777777
118,DoE3_R2_aug_13,11.133611111111108
119,DoE3_R2_aug_13,11.60861111111111
108,DoE3_R2_aug_14,0.0
109,DoE3_R2_aug_14,0.0
110,DoE3_R2_aug_14,0.0
111,DoE3_R2_aug_14,2.200277777777778
112,DoE3_R2_aug_14,4.19166666666667
113,DoE3_R2_aug_14,6.200277777777778
114,DoE3_R2_aug_14,8.200277777777778
115,DoE3_R2_aug_14,9.01694444444444
116,DoE3_R2_aug_14,9.591944444444444
117,DoE3_R2_aug_14,10.225277777777777
118,DoE3_R2_aug_14,11.133611111111108
119,DoE3_R2_aug_14,11.60861111111111
108,DoE3_R2_aug_15,0.0
109,DoE3_R2_aug_15,0.0
110,DoE3_R2_aug_15,0.0
111,DoE3_R2_aug_15,2.200277777777778
112,DoE3_R2_aug_15,4.19166666666667
113,DoE3_R2_aug_15,6.200277777777778
114,DoE3_R2_aug_15,8.200277777777778
115,DoE3_R2_aug_15,9.01694444444444
116,DoE3_R2_aug_15,9.591944444444444
117,DoE3_R2_aug_15,10.225277777777777
118,DoE3_R2_aug_15,11.133611111111108
119,DoE3_R2_aug_15,11.60861111111111
120,DoE3_R3_aug_01,0.0
121,DoE3_R3_aug_01,0.0
122,DoE3_R3_aug_01,0.0
123,DoE3_R3_aug_01,0.0
124,DoE3_R3_aug_01,0.0
125,DoE3_R3_aug_01,0.0
126,DoE3_R3_aug_01,0.0
127,DoE3_R3_aug_01,2.2002777777777744
128,DoE3_R3_aug_01,4.18333333333333
129,DoE3_R3_aug_01,6.191944444444442
130,DoE3_R3_aug_01,8.191944444444445
131,DoE3_R3_aug_01,10.225277777777777
120,DoE3_R3_aug_02,0.0
121,DoE3_R3_aug_02,0.0
122,DoE3_R3_aug_02,0.0
123,DoE3_R3_aug_02,0.0
124,DoE3_R3_aug_02,0.0
125,DoE3_R3_aug_02,0.0
126,DoE3_R3_aug_02,0.0
127,DoE3_R3_aug_02,2.2002777777777744
128,DoE3_R3_aug_02,4.18333333333333
129,DoE3_R3_aug_02,6.191944444444442
130,DoE3_R3_aug_02,8.191944444444445
131,DoE3_R3_aug_02,10.225277777777777
120,DoE3_R3_aug_03,0.0
121,DoE3_R3_aug_03,0.0
122,DoE3_R3_aug_03,0.0
123,DoE3_R3_aug_03,0.0
124,DoE3_R3_aug_03,0.0
125,DoE3_R3_aug_03,0.0
126,DoE3_R3_aug_03,0.0
127,DoE3_R3_aug_03,2.2002777777777744
128,DoE3_R3_aug_03,4.18333333333333
129,DoE3_R3_aug_03,6.191944444444442
130,DoE3_R3_aug_03,8.191944444444445
131,DoE3_R3_aug_03,10.225277777777777
120,DoE3_R3_aug_04,0.0
121,DoE3_R3_aug_04,0.0
122,DoE3_R3_aug_04,0.0
123,DoE3_R3_aug_04,0.0
124,DoE3_R3_aug_04,0.0
125,DoE3_R3_aug_04,0.0
126,DoE3_R3_aug_04,0.0
127,DoE3_R3_aug_04,2.2002777777777744
128,DoE3_R3_aug_04,4.18333333333333
129,DoE3_R3_aug_04,6.191944444444442
130,DoE3_R3_aug_04,8.191944444444445
131,DoE3_R3_aug_04,10.225277777777777
120,DoE3_R3_aug_05,0.0
121,DoE3_R3_aug_05,0.0
122,DoE3_R3_aug_05,0.0
123,DoE3_R3_aug_05,0.0
124,DoE3_R3_aug_05,0.0
125,DoE3_R3_aug_05,0.0
126,DoE3_R3_aug_05,0.0
127,DoE3_R3_aug_05,2.2002777777777744
128,DoE3_R3_aug_05,4.18333333333333
129,DoE3_R3_aug_05,6.191944444444442
130,DoE3_R3_aug_05,8.191944444444445
131,DoE3_R3_aug_05,10.225277777777777
120,DoE3_R3_aug_06,0.0
121,DoE3_R3_aug_06,0.0
122,DoE3_R3_aug_06,0.0
123,DoE3_R3_aug_06,0.0
124,DoE3_R3_aug_06,0.0
125,DoE3_R3_aug_06,0.0
126,DoE3_R3_aug_06,0.0
127,DoE3_R3_aug_06,2.2002777777777744
128,DoE3_R3_aug_06,4.18333333333333
129,DoE3_R3_aug_06,6.191944444444442
130,DoE3_R3_aug_06,8.191944444444445
131,DoE3_R3_aug_06,10.225277777777777
120,DoE3_R3_aug_07,0.0
121,DoE3_R3_aug_07,0.0
122,DoE3_R3_aug_07,0.0
123,DoE3_R3_aug_07,0.0
124,DoE3_R3_aug_07,0.0
125,DoE3_R3_aug_07,0.0
126,DoE3_R3_aug_07,0.0
127,DoE3_R3_aug_07,2.2002777777777744
128,DoE3_R3_aug_07,4.18333333333333
129,DoE3_R3_aug_07,6.191944444444442
130,DoE3_R3_aug_07,8.191944444444445
131,DoE3_R3_aug_07,10.225277777777777
120,DoE3_R3_aug_08,0.0
121,DoE3_R3_aug_08,0.0
122,DoE3_R3_aug_08,0.0
123,DoE3_R3_aug_08,0.0
124,DoE3_R3_aug_08,0.0
125,DoE3_R3_aug_08,0.0
126,DoE3_R3_aug_08,0.0
127,DoE3_R3_aug_08,2.2002777777777744
128,DoE3_R3_aug_08,4.18333333333333
129,DoE3_R3_aug_08,6.191944444444442
130,DoE3_R3_aug_08,8.191944444444445
131,DoE3_R3_aug_08,10.225277777777777
120,DoE3_R3_aug_09,0.0
121,DoE3_R3_aug_09,0.0
122,DoE3_R3_aug_09,0.0
123,DoE3_R3_aug_09,0.0
124,DoE3_R3_aug_09,0.0
125,DoE3_R3_aug_09,0.0
126,DoE3_R3_aug_09,0.0
127,DoE3_R3_aug_09,2.2002777777777744
128,DoE3_R3_aug_09,4.18333333333333
129,DoE3_R3_aug_09,6.191944444444442
130,DoE3_R3_aug_09,8.191944444444445
131,DoE3_R3_aug_09,10.225277777777777
120,DoE3_R3_aug_10,0.0
121,DoE3_R3_aug_10,0.0
122,DoE3_R3_aug_10,0.0
123,DoE3_R3_aug_10,0.0
124,DoE3_R3_aug_10,0.0
125,DoE3_R3_aug_10,0.0
126,DoE3_R3_aug_10,0.0
127,DoE3_R3_aug_10,2.2002777777777744
128,DoE3_R3_aug_10,4.18333333333333
129,DoE3_R3_aug_10,6.191944444444442
130,DoE3_R3_aug_10,8.191944444444445
131,DoE3_R3_aug_10,10.225277777777777
120,DoE3_R3_aug_11,0.0
121,DoE3_R3_aug_11,0.0
122,DoE3_R3_aug_11,0.0
123,DoE3_R3_aug_11,0.0
124,DoE3_R3_aug_11,0.0
125,DoE3_R3_aug_11,0.0
126,DoE3_R3_aug_11,0.0
127,DoE3_R3_aug_11,2.2002777777777744
128,DoE3_R3_aug_11,4.18333333333333
129,DoE3_R3_aug_11,6.191944444444442
130,DoE3_R3_aug_11,8.191944444444445
131,DoE3_R3_aug_11,10.225277777777777
120,DoE3_R3_aug_12,0.0
121,DoE3_R3_aug_12,0.0
122,DoE3_R3_aug_12,0.0
123,DoE3_R3_aug_12,0.0
124,DoE3_R3_aug_12,0.0
125,DoE3_R3_aug_12,0.0
126,DoE3_R3_aug_12,0.0
127,DoE3_R3_aug_12,2.2002777777777744
128,DoE3_R3_aug_12,4.18333333333333
129,DoE3_R3_aug_12,6.191944444444442
130,DoE3_R3_aug_12,8.191944444444445
131,DoE3_R3_aug_12,10.225277777777777
120,DoE3_R3_aug_13,0.0
121,DoE3_R3_aug_13,0.0
122,DoE3_R3_aug_13,0.0
123,DoE3_R3_aug_13,0.0
124,DoE3_R3_aug_13,0.0
125,DoE3_R3_aug_13,0.0
126,DoE3_R3_aug_13,0.0
127,DoE3_R3_aug_13,2.2002777777777744
128,DoE3_R3_aug_13,4.18333333333333
129,DoE3_R3_aug_13,6.191944444444442
130,DoE3_R3_aug_13,8.191944444444445
131,DoE3_R3_aug_13,10.225277777777777
120,DoE3_R3_aug_14,0.0
121,DoE3_R3_aug_14,0.0
122,DoE3_R3_aug_14,0.0
123,DoE3_R3_aug_14,0.0
124,DoE3_R3_aug_14,0.0
125,DoE3_R3_aug_14,0.0
126,DoE3_R3_aug_14,0.0
127,DoE3_R3_aug_14,2.2002777777777744
128,DoE3_R3_aug_14,4.18333333333333
129,DoE3_R3_aug_14,6.191944444444442
130,DoE3_R3_aug_14,8.191944444444445
131,DoE3_R3_aug_14,10.225277777777777
120,DoE3_R3_aug_15,0.0
121,DoE3_R3_aug_15,0.0
122,DoE3_R3_aug_15,0.0
123,DoE3_R3_aug_15,0.0
124,DoE3_R3_aug_15,0.0
125,DoE3_R3_aug_15,0.0
126,DoE3_R3_aug_15,0.0
127,DoE3_R3_aug_15,2.2002777777777744
128,DoE3_R3_aug_15,4.18333333333333
129,DoE3_R3_aug_15,6.191944444444442
130,DoE3_R3_aug_15,8.191944444444445
131,DoE3_R3_aug_15,10.225277777777777
132,DoE3_R4_aug_01,0.0
133,DoE3_R4_aug_01,0.0
134,DoE3_R4_aug_01,0.0
135,DoE3_R4_aug_01,0.0
136,DoE3_R4_aug_01,0.0
137,DoE3_R4_aug_01,0.0
138,DoE3_R4_aug_01,0.0
139,DoE3_R4_aug_01,2.091666666666669
140,DoE3_R4_aug_01,4.074999999999999
141,DoE3_R4_aug_01,6.083333333333336
142,DoE3_R4_aug_01,8.083333333333336
143,DoE3_R4_aug_01,10.116666666666667
132,DoE3_R4_aug_02,0.0
133,DoE3_R4_aug_02,0.0
134,DoE3_R4_aug_02,0.0
135,DoE3_R4_aug_02,0.0
136,DoE3_R4_aug_02,0.0
137,DoE3_R4_aug_02,0.0
138,DoE3_R4_aug_02,0.0
139,DoE3_R4_aug_02,2.091666666666669
140,DoE3_R4_aug_02,4.074999999999999
141,DoE3_R4_aug_02,6.083333333333336
142,DoE3_R4_aug_02,8.083333333333336
143,DoE3_R4_aug_02,10.116666666666667
132,DoE3_R4_aug_03,0.0
133,DoE3_R4_aug_03,0.0
134,DoE3_R4_aug_03,0.0
135,DoE3_R4_aug_03,0.0
136,DoE3_R4_aug_03,0.0
137,DoE3_R4_aug_03,0.0
138,DoE3_R4_aug_03,0.0
139,DoE3_R4_aug_03,2.091666666666669
140,DoE3_R4_aug_03,4.074999999999999
141,DoE3_R4_aug_03,6.083333333333336
142,DoE3_R4_aug_03,8.083333333333336
143,DoE3_R4_aug_03,10.116666666666667
132,DoE3_R4_aug_04,0.0
133,DoE3_R4_aug_04,0.0
134,DoE3_R4_aug_04,0.0
135,DoE3_R4_aug_04,0.0
136,DoE3_R4_aug_04,0.0
137,DoE3_R4_aug_04,0.0
138,DoE3_R4_aug_04,0.0
139,DoE3_R4_aug_04,2.091666666666669
140,DoE3_R4_aug_04,4.074999999999999
141,DoE3_R4_aug_04,6.083333333333336
142,DoE3_R4_aug_04,8.083333333333336
143,DoE3_R4_aug_04,10.116666666666667
132,DoE3_R4_aug_05,0.0
133,DoE3_R4_aug_05,0.0
134,DoE3_R4_aug_05,0.0
135,DoE3_R4_aug_05,0.0
136,DoE3_R4_aug_05,0.0
137,DoE3_R4_aug_05,0.0
138,DoE3_R4_aug_05,0.0
139,DoE3_R4_aug_05,2.091666666666669
140,DoE3_R4_aug_05,4.074999999999999
141,DoE3_R4_aug_05,6.083333333333336
142,DoE3_R4_aug_05,8.083333333333336
143,DoE3_R4_aug_05,10.116666666666667
132,DoE3_R4_aug_06,0.0
133,DoE3_R4_aug_06,0.0
134,DoE3_R4_aug_06,0.0
135,DoE3_R4_aug_06,0.0
136,DoE3_R4_aug_06,0.0
137,DoE3_R4_aug_06,0.0
138,DoE3_R4_aug_06,0.0
139,DoE3_R4_aug_06,2.091666666666669
140,DoE3_R4_aug_06,4.074999999999999
141,DoE3_R4_aug_06,6.083333333333336
142,DoE3_R4_aug_06,8.083333333333336
143,DoE3_R4_aug_06,10.116666666666667
132,DoE3_R4_aug_07,0.0
133,DoE3_R4_aug_07,0.0
134,DoE3_R4_aug_07,0.0
135,DoE3_R4_aug_07,0.0
136,DoE3_R4_aug_07,0.0
137,DoE3_R4_aug_07,0.0
138,DoE3_R4_aug_07,0.0
139,DoE3_R4_aug_07,2.091666666666669
140,DoE3_R4_aug_07,4.074999999999999
141,DoE3_R4_aug_07,6.083333333333336
142,DoE3_R4_aug_07,8.083333333333336
143,DoE3_R4_aug_07,10.116666666666667
132,DoE3_R4_aug_08,0.0
133,DoE3_R4_aug_08,0.0
134,DoE3_R4_aug_08,0.0
135,DoE3_R4_aug_08,0.0
136,DoE3_R4_aug_08,0.0
137,DoE3_R4_aug_08,0.0
138,DoE3_R4_aug_08,0.0
139,DoE3_R4_aug_08,2.091666666666669
140,DoE3_R4_aug_08,4.074999999999999
141,DoE3_R4_aug_08,6.083333333333336
142,DoE3_R4_aug_08,8.083333333333336
143,DoE3_R4_aug_08,10.116666666666667
132,DoE3_R4_aug_09,0.0
133,DoE3_R4_aug_09,0.0
134,DoE3_R4_aug_09,0.0
135,DoE3_R4_aug_09,0.0
136,DoE3_R4_aug_09,0.0
137,DoE3_R4_aug_09,0.0
138,DoE3_R4_aug_09,0.0
139,DoE3_R4_aug_09,2.091666666666669
140,DoE3_R4_aug_09,4.074999999999999
141,DoE3_R4_aug_09,6.083333333333336
142,DoE3_R4_aug_09,8.083333333333336
143,DoE3_R4_aug_09,10.116666666666667
132,DoE3_R4_aug_10,0.0
133,DoE3_R4_aug_10,0.0
134,DoE3_R4_aug_10,0.0
135,DoE3_R4_aug_10,0.0
136,DoE3_R4_aug_10,0.0
137,DoE3_R4_aug_10,0.0
138,DoE3_R4_aug_10,0.0
139,DoE3_R4_aug_10,2.091666666666669
140,DoE3_R4_aug_10,4.074999999999999
141,DoE3_R4_aug_10,6.083333333333336
142,DoE3_R4_aug_10,8.083333333333336
143,DoE3_R4_aug_10,10.116666666666667
132,DoE3_R4_aug_11,0.0
133,DoE3_R4_aug_11,0.0
134,DoE3_R4_aug_11,0.0
135,DoE3_R4_aug_11,0.0
136,DoE3_R4_aug_11,0.0
137,DoE3_R4_aug_11,0.0
138,DoE3_R4_aug_11,0.0
139,DoE3_R4_aug_11,2.091666666666669
140,DoE3_R4_aug_11,4.074999999999999
141,DoE3_R4_aug_11,6.083333333333336
142,DoE3_R4_aug_11,8.083333333333336
143,DoE3_R4_aug_11,10.116666666666667
132,DoE3_R4_aug_12,0.0
133,DoE3_R4_aug_12,0.0
134,DoE3_R4_aug_12,0.0
135,DoE3_R4_aug_12,0.0
136,DoE3_R4_aug_12,0.0
137,DoE3_R4_aug_12,0.0
138,DoE3_R4_aug_12,0.0
139,DoE3_R4_aug_12,2.091666666666669
140,DoE3_R4_aug_12,4.074999999999999
141,DoE3_R4_aug_12,6.083333333333336
142,DoE3_R4_aug_12,8.083333333333336
143,DoE3_R4_aug_12,10.116666666666667
132,DoE3_R4_aug_13,0.0
133,DoE3_R4_aug_13,0.0
134,DoE3_R4_aug_13,0.0
135,DoE3_R4_aug_13,0.0
136,DoE3_R4_aug_13,0.0
137,DoE3_R4_aug_13,0.0
138,DoE3_R4_aug_13,0.0
139,DoE3_R4_aug_13,2.091666666666669
140,DoE3_R4_aug_13,4.074999999999999
141,DoE3_R4_aug_13,6.083333333333336
142,DoE3_R4_aug_13,8.083333333333336
143,DoE3_R4_aug_13,10.116666666666667
132,DoE3_R4_aug_14,0.0
133,DoE3_R4_aug_14,0.0
134,DoE3_R4_aug_14,0.0
135,DoE3_R4_aug_14,0.0
136,DoE3_R4_aug_14,0.0
137,DoE3_R4_aug_14,0.0
138,DoE3_R4_aug_14,0.0
139,DoE3_R4_aug_14,2.091666666666669
140,DoE3_R4_aug_14,4.074999999999999
141,DoE3_R4_aug_14,6.083333333333336
142,DoE3_R4_aug_14,8.083333333333336
143,DoE3_R4_aug_14,10.116666666666667
132,DoE3_R4_aug_15,0.0
133,DoE3_R4_aug_15,0.0
134,DoE3_R4_aug_15,0.0
135,DoE3_R4_aug_15,0.0
136,DoE3_R4_aug_15,0.0
137,DoE3_R4_aug_15,0.0
138,DoE3_R4_aug_15,0.0
139,DoE3_R4_aug_15,2.091666666666669
140,DoE3_R4_aug_15,4.074999999999999
141,DoE3_R4_aug_15,6.083333333333336
142,DoE3_R4_aug_15,8.083333333333336
143,DoE3_R4_aug_15,10.116666666666667
